{"fmus":{"{Output}":"file:///C:/Dental-Surgery-Simulation/Proof-Of-Concept/src/DigitalTwin.Simulation/FMUs/RabbitMQ.fmu","{Input}":"file:///C:/Dental-Surgery-Simulation/Proof-Of-Concept/src/DigitalTwin.Simulation/FMUs/RabbitMQInput.fmu"},"connections":{"{Output}.OutputInstance.output_op_pos_x":["{Input}.InputInstances.input_up_pos_x"],"{Output}.OutputInstance.output_op_pos_y":["{Input}.InputInstances.input_up_pos_y"],"{Output}.OutputInstance.output_op_pos_z":["{Input}.InputInstances.input_up_pos_z"]},"parameters":{},"liveGraphColumns":1,"liveGraphVisibleRowCount":1,"logVariables":{},"algorithm":{"type":"fixed-step","size":1},"parallelSimulation":false,"stabalizationEnabled":false,"global_absolute_tolerance":0,"global_relative_tolerance":0.01,"simulationProgramDelay":false,"convergenceAttempts":5,"livestream":{}}