{"fmus":{"{Rabbit}":"file:///C:/Dental-Surgery-Simulation/Proof-Of-Concept/src/DigitalTwin.Simulation/FMUs/RabbitMQ.fmu","{Tester}":"file:///C:/Dental-Surgery-Simulation/Proof-Of-Concept/src/DigitalTwin.Simulation/FMUs/Tester.fmu"},"connections":{"{Tester}.TesterInstance.string_c":["{Rabbit}.RabbitInstance.input_up_pos_x"],"{Rabbit}.RabbitInstance.output_op_pos_y":["{Tester}.TesterInstance.string_a"]},"parameters":{},"liveGraphColumns":1,"liveGraphVisibleRowCount":1,"logVariables":{},"algorithm":{"type":"fixed-step","size":0.1},"parallelSimulation":false,"stabalizationEnabled":false,"global_absolute_tolerance":0,"global_relative_tolerance":0.01,"simulationProgramDelay":false,"convergenceAttempts":5,"livestream":{}}