{"fmus":{"{Rab}":"file:///C:/Dental-Surgery-Simulation/Proof-Of-Concept/src/DigitalTwin.Simulation/FMUs/RabbitMQ.fmu","{FMU}":"file:///C:/Dental-Surgery-Simulation/Proof-Of-Concept/src/DigitalTwin.Simulation/FMUs/Tester.fmu"},"connections":{"{Rab}.RabInstance.output_op_pos_x":["{FMU}.FMUInstance.string_a"]},"parameters":{},"liveGraphColumns":1,"liveGraphVisibleRowCount":1,"logVariables":{},"algorithm":{"type":"fixed-step","size":1},"parallelSimulation":false,"stabalizationEnabled":false,"global_absolute_tolerance":0,"global_relative_tolerance":0.01,"simulationProgramDelay":false,"convergenceAttempts":5,"livestream":{"{FMU}.FMUInstance":["string_c"]}}