{"fmus":{"{OptimalPath}":"file:///C:/Dental-Surgery-Simulation/Proof-Of-Concept/src/DigitalTwin.Simulation/FMUs/OptimalPath.fmu","{Haptics}":"file:///C:/Dental-Surgery-Simulation/Proof-Of-Concept/src/DigitalTwin.Simulation/FMUs/Haptics.fmu","{RabbitMQ}":"file:///C:/Dental-Surgery-Simulation/Proof-Of-Concept/src/DigitalTwin.Simulation/FMUs/RabbitMQ.fmu"},"connections":{"{OptimalPath}.OptimalPathInstance.output_errorscore_to_haptics":["{Haptics}.HapticsInstance.input_errorscore_to_haptics"],"{OptimalPath}.OptimalPathInstance.output_op_pos_x_to_haptics":["{Haptics}.HapticsInstance.input_op_pos_x_to_haptics"],"{OptimalPath}.OptimalPathInstance.output_op_pos_y_to_haptics":["{Haptics}.HapticsInstance.input_op_pos_y_to_haptics"],"{OptimalPath}.OptimalPathInstance.output_op_pos_z_to_haptics":["{Haptics}.HapticsInstance.input_op_pos_z_to_haptics"],"{OptimalPath}.OptimalPathInstance.output_user_pos_x_to_haptics":["{Haptics}.HapticsInstance.input_user_pos_x_to_haptics"],"{OptimalPath}.OptimalPathInstance.output_user_pos_y_to_haptics":["{Haptics}.HapticsInstance.input_user_pos_y_to_haptics"],"{OptimalPath}.OptimalPathInstance.output_user_pos_z_to_haptics":["{Haptics}.HapticsInstance.input_user_pos_z_to_haptics"],"{OptimalPath}.OptimalPathInstance.output_step_to_haptics":["{Haptics}.HapticsInstance.input_step_to_haptics"],"{Haptics}.HapticsInstance.output_hapticfeedback_x_to_middleware":["{RabbitMQ}.RabbitMQInstances.input_hapticfeedback_x_to_middleware"],"{Haptics}.HapticsInstance.output_hapticfeedback_y_to_middleware":["{RabbitMQ}.RabbitMQInstances.input_hapticfeedback_y_to_middleware"],"{Haptics}.HapticsInstance.output_hapticfeedback_z_to_middleware":["{RabbitMQ}.RabbitMQInstances.input_hapticfeedback_z_to_middleware"],"{Haptics}.HapticsInstance.output_op_pos_x_to_middleware":["{RabbitMQ}.RabbitMQInstances.input_op_pos_x_to_middleware"],"{Haptics}.HapticsInstance.output_op_pos_y_to_middleware":["{RabbitMQ}.RabbitMQInstances.input_op_pos_y_to_middleware"],"{Haptics}.HapticsInstance.output_op_pos_z_to_middleware":["{RabbitMQ}.RabbitMQInstances.input_op_pos_z_to_middleware"],"{Haptics}.HapticsInstance.output_user_pos_x_to_middleware":["{RabbitMQ}.RabbitMQInstances.input_user_pos_x_to_middleware"],"{Haptics}.HapticsInstance.output_user_pos_y_to_middleware":["{RabbitMQ}.RabbitMQInstances.input_user_pos_y_to_middleware"],"{Haptics}.HapticsInstance.output_user_pos_z_to_middleware":["{RabbitMQ}.RabbitMQInstances.input_user_pos_z_to_middleware"],"{Haptics}.HapticsInstance.output_step_to_middleware":["{RabbitMQ}.RabbitMQInstances.input_step_to_middleware"],"{RabbitMQ}.RabbitMQInstances.output_user_pos_x_to_op":["{OptimalPath}.OptimalPathInstance.input_user_pos_x_to_op"],"{RabbitMQ}.RabbitMQInstances.output_user_pos_y_to_op":["{OptimalPath}.OptimalPathInstance.input_user_pos_y_to_op"],"{RabbitMQ}.RabbitMQInstances.output_user_pos_z_to_op":["{OptimalPath}.OptimalPathInstance.input_user_pos_z_to_op"],"{RabbitMQ}.RabbitMQInstances.output_step_to_op":["{OptimalPath}.OptimalPathInstance.input_step_to_op"]},"parameters":{"{RabbitMQ}.RabbitMQInstances.config.maxage":100000},"logVariables":{},"parallelSimulation":false,"stabalizationEnabled":false,"global_absolute_tolerance":0.0,"global_relative_tolerance":0.01,"loggingOn":false,"visible":false,"simulationProgramDelay":true,"algorithm":{"type":"var-step","size":[0.001,0.4],"initsize":0.05,"constraints":{"maxstepsize":{"type":"fmumaxstepsize","type":"fmumaxstepsize"}}},"overrideLogLevel":"ERROR","environmentParameters":null,"logLevels":null,"livestream":{},"hasExternalSignals":false}