{"fmus":{"{output}":"file:///C:/Users/berth/Documents/Proof-Of-Concept/src/DigitalTwin.Simulation/FMUs/RabbitMQ.fmu","{Input}":"file:///C:/Users/berth/Documents/Proof-Of-Concept/src/DigitalTwin.Simulation/FMUs/RabbitMQInput.fmu"},"connections":{"{output}.outputInstance.output_op_pos_x":["{Input}.InputInstance.input_up_pos_x"],"{output}.outputInstance.output_op_pos_y":["{Input}.InputInstance.input_up_pos_y"],"{output}.outputInstance.output_op_pos_z":["{Input}.InputInstance.input_up_pos_z"]},"parameters":{},"logVariables":{},"parallelSimulation":false,"stabalizationEnabled":false,"global_absolute_tolerance":0.0,"global_relative_tolerance":0.01,"loggingOn":false,"visible":false,"simulationProgramDelay":false,"algorithm":{"type":"fixed-step","size":0.1},"overrideLogLevel":null,"environmentParameters":null,"logLevels":null,"livestream":{},"hasExternalSignals":false,"convergenceAttempts":5,"faultInjectConfigurationPath":"","faultInjectInstances":{}}