{"fmus":{"{Rabbit}":"file:///C:/Users/berth/Documents/Proof-Of-Concept/src/DigitalTwin.Simulation/FMUs/RabbitMQ.fmu","{Tester}":"file:///C:/Users/berth/Documents/Proof-Of-Concept/src/DigitalTwin.Simulation/FMUs/Tester.fmu"},"connections":{"{Tester}.TesterInstance.string_c":["{Rabbit}.RabbitInstance.input_up_pos_x"],"{Rabbit}.RabbitInstance.output_op_pos_y":["{Tester}.TesterInstance.string_a"]},"parameters":{},"logVariables":{},"parallelSimulation":false,"stabalizationEnabled":false,"global_absolute_tolerance":0.0,"global_relative_tolerance":0.01,"loggingOn":false,"visible":false,"simulationProgramDelay":false,"algorithm":{"type":"fixed-step","size":0.1},"overrideLogLevel":null,"environmentParameters":null,"logLevels":null,"livestream":{},"hasExternalSignals":false,"convergenceAttempts":5,"faultInjectConfigurationPath":"","faultInjectInstances":{}}