time,{Tester}.TesterInstancer.real_c,{Rabbit}.RabbitInstance.output_user_pos_x_to_op
0.0,0.0,1.3431033
0.05,1.3431033,1.2385713
0.1,1.2385713,1.2385713
0.15000000000000002,1.2385713,1.360691
0.2,1.360691,1.360691
0.25,1.360691,1.4498662
0.3,1.4498662,1.4498662
0.35,1.4498662,1.380847
0.39999999999999997,1.380847,1.380847
0.44999999999999996,1.380847,1.4014206
0.49999999999999994,1.4014206,1.4014206
0.5499999999999999,1.4014206,1.2929717
0.6,1.2929717,1.2929717
0.65,1.2929717,1.2725446
0.7000000000000001,1.2725446,1.2725446
0.7500000000000001,1.2725446,1.0490274
0.8000000000000002,1.0490274,1.0490274
0.8500000000000002,1.0490274,0.8762179
0.9000000000000002,0.8762179,0.8762179
0.9500000000000003,0.8762179,0.5812018
1.0000000000000002,0.5812018,0.5812018
1.0500000000000003,0.5812018,0.24252181
1.1000000000000003,0.24252181,0.24252181
1.1500000000000004,0.24252181,-0.27540946
1.2000000000000004,-0.27540946,-0.46527535
1.2500000000000004,-0.46527535,-0.46527535
1.3000000000000005,-0.46527535,-0.7373141
1.3500000000000005,-0.7373141,-0.7373141
1.4000000000000006,-0.7373141,-1.0787838
1.4500000000000006,-1.0787838,-1.0787838
1.5000000000000007,-1.0787838,-1.2902787
1.5500000000000007,-1.2902787,-1.2902787
1.6000000000000008,-1.2902787,-1.3895904
1.6500000000000008,-1.3895904,-1.3895904
1.7000000000000008,-1.3895904,-1.4848559
1.7500000000000009,-1.4848559,-1.5054045
1.800000000000001,-1.5054045,-1.5054045
1.850000000000001,-1.5054045,-1.4468598
1.900000000000001,-1.4468598,-1.4468598
1.950000000000001,-1.4468598,-1.3952086
2.000000000000001,-1.3952086,-1.3952086
2.0500000000000007,-1.3952086,-1.3750955
2.1000000000000005,-1.3750955,-1.3750955
2.1500000000000004,-1.3750955,-1.2962552
2.2,-1.2962552,-1.2962552
2.25,-1.2962552,-1.1751677
2.3,-1.1751677,-1.1751677
2.3499999999999996,-1.1751677,-1.2069504
2.3999999999999995,-1.2069504,-1.1450243
2.4499999999999993,-1.1450243,-1.1450243
2.499999999999999,-1.1450243,-1.2008797
2.549999999999999,-1.2008797,-1.2008797
2.5999999999999988,-1.2008797,-1.1165414
2.6499999999999986,-1.1165414,-1.1851386
2.6999999999999984,-1.1851386,-1.1851386
2.7499999999999982,-1.1851386,-1.2422664
2.799999999999998,-1.2422664,-1.2422664
2.849999999999998,-1.2422664,-1.2877616
2.8999999999999977,-1.2877616,-1.2877616
2.9499999999999975,-1.2877616,-1.3408889
2.9999999999999973,-1.3408889,-1.3408889
3.049999999999997,-1.3408889,-1.4955553
3.099999999999997,-1.4955553,-1.4898645
3.149999999999997,-1.4898645,-1.4898645
3.1999999999999966,-1.4898645,-1.4502419
3.2499999999999964,-1.4502419,-1.4502419
3.2999999999999963,-1.4502419,-1.3356444
3.349999999999996,-1.3356444,-1.3356444
3.399999999999996,-1.3356444,-1.278253
3.4499999999999957,-1.278253,-1.2220794
3.4999999999999956,-1.2220794,-1.2220794
3.5499999999999954,-1.2220794,-1.1277174
3.599999999999995,-1.1277174,-1.1277174
3.649999999999995,-1.1277174,-1.1183885
3.699999999999995,-1.1183885,-1.1039826
3.7499999999999947,-1.1039826,-1.1039826
3.7999999999999945,-1.1039826,-1.2331555
3.8499999999999943,-1.2331555,-1.2331555
3.899999999999994,-1.2331555,-1.2820833
3.949999999999994,-1.2820833,-1.4497244
3.999999999999994,-1.4497244,-1.4497244
4.049999999999994,-1.4497244,-1.5607367
4.099999999999993,-1.5607367,-1.5607367
4.149999999999993,-1.5607367,-1.5851296
4.199999999999993,-1.5851296,-1.5851296
4.249999999999993,-1.5851296,-1.5577165
4.299999999999993,-1.5577165,-1.5577165
4.3499999999999925,-1.5577165,-1.5807558
4.399999999999992,-1.5807558,-1.5927241
4.449999999999992,-1.5927241,-1.5927241
4.499999999999992,-1.5927241,-1.6330885
4.549999999999992,-1.6330885,-1.6330885
4.599999999999992,-1.6330885,-1.6465257
4.6499999999999915,-1.6465257,-1.6465257
4.699999999999991,-1.6465257,-1.670951
4.749999999999991,-1.670951,-1.670951
4.799999999999991,-1.670951,-1.7072196
4.849999999999991,-1.7072196,-1.7608881
4.899999999999991,-1.7608881,-1.7608881
4.94999999999999,-1.7608881,-1.8121125
4.99999999999999,-1.8121125,-1.8937325
5.04999999999999,-1.8937325,-1.8937325
5.09999999999999,-1.8937325,-1.861115
5.14999999999999,-1.861115,-1.861115
5.1999999999999895,-1.861115,-1.9947912
5.249999999999989,-1.9947912,-1.9947912
5.299999999999989,-1.9947912,-2.0388842
5.349999999999989,-2.0388842,-2.0193493
5.399999999999989,-2.0193493,-2.0193493
5.449999999999989,-2.0193493,-2.1090872
5.4999999999999885,-2.1090872,-2.075458
5.549999999999988,-2.075458,-2.075458
5.599999999999988,-2.075458,-2.1572936
5.649999999999988,-2.1572936,-2.1572936
5.699999999999988,-2.1572936,-2.2266207
5.749999999999988,-2.2266207,-2.2266207
5.799999999999987,-2.2266207,-2.2218337
5.849999999999987,-2.2218337,-2.232617
5.899999999999987,-2.232617,-2.232617
5.949999999999987,-2.232617,-2.2149885
5.999999999999987,-2.2149885,-2.2149885
6.0499999999999865,-2.2149885,-2.29254
6.099999999999986,-2.29254,-2.3019457
6.149999999999986,-2.3019457,-2.3019457
6.199999999999986,-2.3019457,-2.3568144
6.249999999999986,-2.3568144,-2.3568144
6.299999999999986,-2.3568144,-2.3211489
6.349999999999985,-2.3211489,-2.3755376
6.399999999999985,-2.3755376,-2.3755376
6.449999999999985,-2.3755376,-2.3644369
6.499999999999985,-2.3644369,-2.3644369
6.549999999999985,-2.3644369,-2.35404
6.5999999999999845,-2.35404,-2.35404
6.649999999999984,-2.35404,-2.4028635
6.699999999999984,-2.4028635,-2.3952878
6.749999999999984,-2.3952878,-2.3952878
6.799999999999984,-2.3952878,-2.489078
6.849999999999984,-2.489078,-2.489078
6.8999999999999835,-2.489078,-2.45693
6.949999999999983,-2.45693,-2.4961452
6.999999999999983,-2.4961452,-2.4961452
7.049999999999983,-2.4961452,-2.4892886
7.099999999999983,-2.4892886,-2.4892886
7.149999999999983,-2.4892886,-2.466699
7.199999999999982,-2.466699,-2.466699
7.249999999999982,-2.466699,-2.499633
7.299999999999982,-2.499633,-2.4221072
7.349999999999982,-2.4221072,-2.4221072
7.399999999999982,-2.4221072,-2.4682171
7.4499999999999815,-2.4682171,-2.4682171
7.499999999999981,-2.4682171,-2.4964743
7.549999999999981,-2.4964743,-2.4964743
7.599999999999981,-2.4964743,-2.4812913
7.649999999999981,-2.4812913,-2.4812913
7.699999999999981,-2.4812913,-2.529186
7.7499999999999805,-2.529186,-2.517303
7.79999999999998,-2.517303,-2.517303
7.84999999999998,-2.517303,-2.4751215
7.89999999999998,-2.4751215,-2.4751215
7.94999999999998,-2.4751215,-2.5678768
7.99999999999998,-2.5678768,-2.53245
8.04999999999998,-2.53245,-2.53245
8.09999999999998,-2.53245,-2.6109576
8.14999999999998,-2.6109576,-2.6109576
8.199999999999982,-2.6109576,-2.593015
8.249999999999982,-2.593015,-2.5526469
8.299999999999983,-2.5526469,-2.5526469
8.349999999999984,-2.5526469,-2.5949643
8.399999999999984,-2.5949643,-2.5949643
8.449999999999985,-2.5949643,-2.5965657
8.499999999999986,-2.5965657,-2.5965657
8.549999999999986,-2.5965657,-2.670646
8.599999999999987,-2.670646,-2.670646
8.649999999999988,-2.670646,-2.6314826
8.699999999999989,-2.6314826,-2.6314826
8.74999999999999,-2.6314826,-2.66286
8.79999999999999,-2.66286,-2.6616151
8.84999999999999,-2.6616151,-2.6616151
8.899999999999991,-2.6616151,-2.6670127
8.949999999999992,-2.6670127,-2.6670127
8.999999999999993,-2.6670127,-2.7467647
9.049999999999994,-2.7467647,-2.7467647
9.099999999999994,-2.7467647,-2.7535782
9.149999999999995,-2.7535782,-2.8096924
9.199999999999996,-2.8096924,-2.8096924
9.249999999999996,-2.8096924,-2.8024957
9.299999999999997,-2.8024957,-2.7942636
9.349999999999998,-2.7942636,-2.7942636
9.399999999999999,-2.7942636,-2.8592825
9.45,-2.8592825,-2.8592825
9.5,-2.8592825,-2.8357913
9.55,-2.8357913,-2.7928855
9.600000000000001,-2.7928855,-2.7928855
9.650000000000002,-2.7928855,-2.8141773
9.700000000000003,-2.8141773,-2.813863
9.750000000000004,-2.813863,-2.813863
9.800000000000004,-2.813863,-2.762633
9.850000000000005,-2.762633,-2.7180178
9.900000000000006,-2.7180178,-2.7180178
9.950000000000006,-2.7180178,-2.7202635
10.000000000000007,-2.7202635,-2.679185
10.050000000000008,-2.679185,-2.679185
10.100000000000009,-2.679185,-2.7253563
10.15000000000001,-2.7253563,-2.7253563
10.20000000000001,-2.7253563,-2.6186311
10.25000000000001,-2.6186311,-2.6734827
10.300000000000011,-2.6734827,-2.6734827
10.350000000000012,-2.6734827,-2.690927
10.400000000000013,-2.690927,-2.6704154
10.450000000000014,-2.6704154,-2.6704154
10.500000000000014,-2.6704154,-2.6630013
10.550000000000015,-2.6630013,-2.6630013
10.600000000000016,-2.6630013,-2.6199062
10.650000000000016,-2.6199062,-2.6199062
10.700000000000017,-2.6199062,-2.713631
10.750000000000018,-2.713631,-2.7232637
10.800000000000018,-2.7232637,-2.7232637
10.85000000000002,-2.7232637,-2.7156954
10.90000000000002,-2.7156954,-2.7292705
10.95000000000002,-2.7292705,-2.7292705
11.000000000000021,-2.7292705,-2.7719634
11.050000000000022,-2.7719634,-2.7719634
11.100000000000023,-2.7719634,-2.8567946
11.150000000000023,-2.8567946,-2.835248
11.200000000000024,-2.835248,-2.835248
11.250000000000025,-2.835248,-2.8523664
11.300000000000026,-2.8523664,-2.8523664
11.350000000000026,-2.8523664,-2.8122852
11.400000000000027,-2.8122852,-2.865397
11.450000000000028,-2.865397,-2.865397
11.500000000000028,-2.865397,-2.8977263
11.55000000000003,-2.8977263,-2.8977263
11.60000000000003,-2.8977263,-2.9289424
11.65000000000003,-2.9289424,-2.9486334
11.700000000000031,-2.9486334,-2.9486334
11.750000000000032,-2.9486334,-2.9050174
11.800000000000033,-2.9050174,-2.9050174
11.850000000000033,-2.9050174,-2.9098902
11.900000000000034,-2.9098902,-2.9749992
11.950000000000035,-2.9749992,-2.9749992
12.000000000000036,-2.9749992,-3.020949
12.050000000000036,-3.020949,-3.020949
12.100000000000037,-3.020949,-3.0592473
12.150000000000038,-3.0592473,-3.0896091
12.200000000000038,-3.0896091,-3.0896091
12.250000000000039,-3.0896091,-3.0566385
12.30000000000004,-3.0566385,-3.16363
12.35000000000004,-3.16363,-3.16363
12.400000000000041,-3.16363,-3.1610568
12.450000000000042,-3.1610568,-3.1610568
12.500000000000043,-3.1610568,-3.2141373
12.550000000000043,-3.2141373,-3.2141373
12.600000000000044,-3.2141373,-3.283925
12.650000000000045,-3.283925,-3.280302
12.700000000000045,-3.280302,-3.280302
12.750000000000046,-3.280302,-3.2917867
12.800000000000047,-3.2917867,-3.2917867
12.850000000000048,-3.2917867,-3.3798923
12.900000000000048,-3.3798923,-3.4489741
12.950000000000049,-3.4489741,-3.4489741
13.00000000000005,-3.4489741,-3.4490502
13.05000000000005,-3.4490502,-3.4490502
13.100000000000051,-3.4490502,-3.4751418
13.150000000000052,-3.4751418,-3.5176437
13.200000000000053,-3.5176437,-3.5176437
13.250000000000053,-3.5176437,-3.518281
13.300000000000054,-3.518281,-3.518281
13.350000000000055,-3.518281,-3.575319
13.400000000000055,-3.575319,-3.575319
13.450000000000056,-3.575319,-3.6688795
13.500000000000057,-3.6688795,-3.6715584
13.550000000000058,-3.6715584,-3.6715584
13.600000000000058,-3.6715584,-3.6556497
13.650000000000059,-3.6556497,-3.6556497
13.70000000000006,-3.6556497,-3.6815982
13.75000000000006,-3.6815982,-3.6815982
13.800000000000061,-3.6815982,-3.7205102
13.850000000000062,-3.7205102,-3.7829535
13.900000000000063,-3.7829535,-3.7829535
13.950000000000063,-3.7829535,-3.8650274
14.000000000000064,-3.8650274,-3.8650274
14.050000000000065,-3.8650274,-3.8796754
14.100000000000065,-3.8796754,-3.8621576
14.150000000000066,-3.8621576,-3.8621576
14.200000000000067,-3.8621576,-3.9563816
14.250000000000068,-3.9563816,-3.9563816
14.300000000000068,-3.9563816,-3.9362097
14.350000000000069,-3.9362097,-3.9866786
14.40000000000007,-3.9866786,-3.9866786
14.45000000000007,-3.9866786,-4.011188
14.500000000000071,-4.011188,-4.011188
14.550000000000072,-4.011188,-4.0293097
14.600000000000072,-4.0293097,-4.0293097
14.650000000000073,-4.0293097,-4.1448307
14.700000000000074,-4.1448307,-4.1448307
14.750000000000075,-4.1448307,-4.141755
14.800000000000075,-4.141755,-4.1893473
14.850000000000076,-4.1893473,-4.1893473
14.900000000000077,-4.1893473,-4.218299
14.950000000000077,-4.218299,-4.273906
15.000000000000078,-4.273906,-4.273906
15.050000000000079,-4.273906,-4.2926917
15.10000000000008,-4.2926917,-4.2926917
15.15000000000008,-4.2926917,-4.32334
15.200000000000081,-4.32334,-4.32334
15.250000000000082,-4.32334,-4.2875223
15.300000000000082,-4.2875223,-4.3238606
15.350000000000083,-4.3238606,-4.3238606
15.400000000000084,-4.3238606,-4.365601
15.450000000000085,-4.365601,-4.365601
15.500000000000085,-4.365601,-4.3537774
15.550000000000086,-4.3537774,-4.3537774
15.600000000000087,-4.3537774,-4.4740453
15.650000000000087,-4.4740453,-4.506066
15.700000000000088,-4.506066,-4.506066
15.750000000000089,-4.506066,-5.6340275
15.80000000000009,-5.6340275,-5.885762
15.85000000000009,-5.885762,-5.885762
15.900000000000091,-5.885762,-5.9632835
15.950000000000092,-5.9632835,-5.9632835
16.000000000000092,-5.9632835,-5.949393
16.050000000000093,-5.949393,-5.8182044
16.100000000000094,-5.8182044,-5.8182044
16.150000000000095,-5.8182044,-5.7743764
16.200000000000095,-5.7743764,-5.7743764
16.250000000000096,-5.7743764,-5.771775
16.300000000000097,-5.771775,-5.680926
16.350000000000097,-5.680926,-5.680926
16.400000000000098,-5.680926,-5.593969
16.4500000000001,-5.593969,-5.593969
16.5000000000001,-5.593969,-5.6242933
16.5500000000001,-5.6242933,-5.5989995
16.6000000000001,-5.5989995,-5.5989995
16.6500000000001,-5.5989995,-5.49022
16.700000000000102,-5.49022,-5.3169794
16.750000000000103,-5.3169794,-5.3169794
16.800000000000104,-5.3169794,-4.9070663
16.850000000000104,-4.9070663,-4.4170375
16.900000000000105,-4.4170375,-4.4170375
16.950000000000106,-4.4170375,-4.4198
17.000000000000107,-4.4198,-4.4198
17.050000000000107,-4.4198,-4.373141
17.100000000000108,-4.373141,-3.9899325
17.15000000000011,-3.9899325,-3.9899325
17.20000000000011,-3.9899325,-3.888963
17.25000000000011,-3.888963,-3.807538
17.30000000000011,-3.807538,-3.807538
17.35000000000011,-3.807538,-3.7449563
17.400000000000112,-3.7449563,-3.7168255
17.450000000000113,-3.7168255,-3.7168255
17.500000000000114,-3.7168255,-3.5773892
17.550000000000114,-3.5773892,-3.5773892
17.600000000000115,-3.5773892,-3.3760862
17.650000000000116,-3.3760862,-3.406093
17.700000000000117,-3.406093,-3.406093
17.750000000000117,-3.406093,-3.3192656
17.800000000000118,-3.3192656,-3.3192656
17.85000000000012,-3.3192656,-3.199726
17.90000000000012,-3.199726,-3.0120487
17.95000000000012,-3.0120487,-3.0120487
18.00000000000012,-3.0120487,-2.8172252
18.05000000000012,-2.8172252,-2.8118186
18.100000000000122,-2.8118186,-2.8118186
18.150000000000123,-2.8118186,-2.8011546
18.200000000000124,-2.8011546,-2.8038821
18.250000000000124,-2.8038821,-2.8038821
18.300000000000125,-2.8038821,-2.9072244
18.350000000000126,-2.9072244,-2.9331656
18.400000000000126,-2.9331656,-2.9331656
18.450000000000127,-2.9331656,-2.983972
18.500000000000128,-2.983972,-2.983972
18.55000000000013,-2.983972,-3.2737422
18.60000000000013,-3.2737422,-3.3015063
18.65000000000013,-3.3015063,-3.3015063
18.70000000000013,-3.3015063,-3.6443627
18.75000000000013,-3.6443627,-4.27119
18.800000000000132,-4.27119,-4.27119
18.850000000000133,-4.27119,-4.673033
18.900000000000134,-4.673033,-4.877634
18.950000000000134,-4.877634,-4.877634
19.000000000000135,-4.877634,-5.077448
19.050000000000136,-5.077448,-5.077448
19.100000000000136,-5.077448,-5.1586695
19.150000000000137,-5.1586695,-5.1586695
19.200000000000138,-5.1586695,-5.0495667
19.25000000000014,-5.0495667,-5.0495667
19.30000000000014,-5.0495667,-5.009864
19.35000000000014,-5.009864,-4.945801
19.40000000000014,-4.945801,-4.945801
19.45000000000014,-4.945801,-4.905302
19.500000000000142,-4.905302,-4.905302
19.550000000000143,-4.905302,-4.822202
19.600000000000144,-4.822202,-4.5728693
19.650000000000144,-4.5728693,-4.5728693
19.700000000000145,-4.5728693,-4.4049296
19.750000000000146,-4.4049296,-4.2332726
19.800000000000146,-4.2332726,-4.2332726
19.850000000000147,-4.2332726,-4.078825
19.900000000000148,-4.078825,-4.078825
19.95000000000015,-4.078825,-3.9179814
20.00000000000015,-3.9179814,-3.84802
20.05000000000015,-3.84802,-3.84802
20.10000000000015,-3.84802,-3.5816984
20.15000000000015,-3.5816984,-3.5816984
20.200000000000152,-3.5816984,-3.1598878
20.250000000000153,-3.1598878,-2.6644585
20.300000000000153,-2.6644585,-2.6644585
20.350000000000154,-2.6644585,-2.1510348
20.400000000000155,-2.1510348,-2.1510348
20.450000000000156,-2.1510348,-1.4354942
20.500000000000156,-1.4354942,-0.45018533
20.550000000000157,-0.45018533,-0.45018533
20.600000000000158,-0.45018533,0.41327345
20.65000000000016,0.41327345,1.3458844
20.70000000000016,1.3458844,1.3458844
20.75000000000016,1.3458844,2.52507
20.80000000000016,2.52507,2.52507
20.85000000000016,2.52507,2.7748375
20.900000000000162,2.7748375,3.4498563
20.950000000000163,3.4498563,3.4498563
21.000000000000163,3.4498563,3.8947046
21.050000000000164,3.8947046,4.0965962
21.100000000000165,4.0965962,4.0965962
21.150000000000166,4.0965962,4.124026
21.200000000000166,4.124026,4.12632
21.250000000000167,4.12632,4.12632
21.300000000000168,4.12632,4.0528884
21.35000000000017,4.0528884,3.98586
21.40000000000017,3.98586,3.98586
21.45000000000017,3.98586,3.888567
21.50000000000017,3.888567,3.888567
21.55000000000017,3.888567,3.9323785
21.600000000000172,3.9323785,3.9323785
21.650000000000173,3.9323785,3.930977
21.700000000000173,3.930977,3.896402
21.750000000000174,3.896402,3.896402
21.800000000000175,3.896402,3.87116
21.850000000000176,3.87116,3.8715618
21.900000000000176,3.8715618,3.8715618
21.950000000000177,3.8715618,3.8082883
22.000000000000178,3.8082883,3.7483592
22.05000000000018,3.7483592,3.7483592
22.10000000000018,3.7483592,3.8042622
22.15000000000018,3.8042622,3.7617583
22.20000000000018,3.7617583,3.7617583
22.25000000000018,3.7617583,3.8323553
22.300000000000182,3.8323553,3.8185472
22.350000000000183,3.8185472,3.8185472
22.400000000000183,3.8185472,3.719195
22.450000000000184,3.719195,3.719195
22.500000000000185,3.719195,3.8068256
22.550000000000185,3.8068256,3.817344
22.600000000000186,3.817344,3.817344
22.650000000000187,3.817344,3.8980362
22.700000000000188,3.8980362,3.8980362
22.75000000000019,3.8980362,3.9689126
22.80000000000019,3.9689126,4.0852637
22.85000000000019,4.0852637,4.0852637
22.90000000000019,4.0852637,4.240492
22.95000000000019,4.240492,4.2021894
23.000000000000192,4.2021894,4.2021894
23.050000000000193,4.2021894,4.178868
23.100000000000193,4.178868,4.178868
23.150000000000194,4.178868,4.1299877
23.200000000000195,4.1299877,4.1299877
23.250000000000195,4.1299877,4.0583634
23.300000000000196,4.0583634,4.005368
23.350000000000197,4.005368,4.005368
23.400000000000198,4.005368,3.9381912
23.4500000000002,3.9381912,3.9381912
23.5000000000002,3.9381912,3.8829918
23.5500000000002,3.8829918,3.8829918
23.6000000000002,3.8829918,3.897234
23.6500000000002,3.897234,3.781012
23.700000000000202,3.781012,3.781012
23.750000000000203,3.781012,3.821731
23.800000000000203,3.821731,3.8275034
23.850000000000204,3.8275034,3.8275034
23.900000000000205,3.8275034,3.8163376
23.950000000000205,3.8163376,3.8163376
24.000000000000206,3.8163376,3.8037837
24.050000000000207,3.8037837,3.8455598
24.100000000000207,3.8455598,3.8455598
24.150000000000208,3.8455598,3.8138719
24.20000000000021,3.8138719,3.8388507
24.25000000000021,3.8388507,3.8388507
24.30000000000021,3.8388507,3.7333417
24.35000000000021,3.7333417,3.7333417
24.40000000000021,3.7333417,3.7656853
24.450000000000212,3.7656853,3.7898333
24.500000000000213,3.7898333,3.7898333
24.550000000000214,3.7898333,3.740301
24.600000000000215,3.740301,3.740301
24.650000000000215,3.740301,3.800291
24.700000000000216,3.800291,3.800291
24.750000000000217,3.800291,3.7931168
24.800000000000217,3.7931168,3.7931168
24.850000000000218,3.7931168,3.764953
24.90000000000022,3.764953,3.764953
24.95000000000022,3.764953,3.851099
25.00000000000022,3.851099,3.851099
25.05000000000022,3.851099,3.8312285
25.10000000000022,3.8312285,3.8468099
25.150000000000222,3.8468099,3.8468099
25.200000000000223,3.8468099,3.7907884
25.250000000000224,3.7907884,3.7907884
25.300000000000225,3.7907884,3.770686
25.350000000000225,3.770686,3.8667886
25.400000000000226,3.8667886,3.8667886
25.450000000000227,3.8667886,3.856502
25.500000000000227,3.856502,3.856502
25.550000000000228,3.856502,3.8225393
25.60000000000023,3.8225393,3.8225393
25.65000000000023,3.8225393,3.8098733
25.70000000000023,3.8098733,3.8398538
25.75000000000023,3.8398538,3.8398538
25.80000000000023,3.8398538,3.8465657
25.850000000000232,3.8465657,3.8465657
25.900000000000233,3.8465657,3.8034482
25.950000000000234,3.8034482,3.8034482
26.000000000000234,3.8034482,3.8524137
26.050000000000235,3.8524137,3.8524137
26.100000000000236,3.8524137,3.8640764
26.150000000000237,3.8640764,3.9040039
26.200000000000237,3.9040039,3.9040039
26.250000000000238,3.9040039,3.8762572
26.30000000000024,3.8762572,3.8326936
26.35000000000024,3.8326936,3.8326936
26.40000000000024,3.8326936,3.8296003
26.45000000000024,3.8296003,3.8704212
26.50000000000024,3.8704212,3.8704212
26.550000000000242,3.8704212,3.8543365
26.600000000000243,3.8543365,3.8543365
26.650000000000244,3.8543365,3.8536253
26.700000000000244,3.8536253,3.8536253
26.750000000000245,3.8536253,3.8964603
26.800000000000246,3.8964603,3.8964603
26.850000000000247,3.8964603,3.929908
26.900000000000247,3.929908,3.853395
26.950000000000248,3.853395,3.853395
27.00000000000025,3.853395,3.919148
27.05000000000025,3.919148,3.919148
27.10000000000025,3.919148,3.905839
27.15000000000025,3.905839,3.905839
27.20000000000025,3.905839,3.946041
27.250000000000252,3.946041,3.9136572
27.300000000000253,3.9136572,3.9136572
27.350000000000254,3.9136572,3.943337
27.400000000000254,3.943337,3.9926677
27.450000000000255,3.9926677,3.9926677
27.500000000000256,3.9926677,3.955736
27.550000000000257,3.955736,3.955736
27.600000000000257,3.955736,3.9804466
27.650000000000258,3.9804466,3.9804466
27.70000000000026,3.9804466,4.015036
27.75000000000026,4.015036,3.9600792
27.80000000000026,3.9600792,3.9600792
27.85000000000026,3.9600792,3.960495
27.90000000000026,3.960495,4.0646615
27.950000000000262,4.0646615,4.0646615
28.000000000000263,4.0646615,4.0228047
28.050000000000264,4.0228047,4.0228047
28.100000000000264,4.0228047,4.037509
28.150000000000265,4.037509,4.1200285
28.200000000000266,4.1200285,4.1200285
28.250000000000266,4.1200285,4.0993757
28.300000000000267,4.0993757,4.131749
28.350000000000268,4.131749,4.131749
28.40000000000027,4.131749,4.100221
28.45000000000027,4.100221,4.100221
28.50000000000027,4.100221,4.1689034
28.55000000000027,4.1689034,4.2016525
28.60000000000027,4.2016525,4.2016525
28.650000000000272,4.2016525,4.1839128
28.700000000000273,4.1839128,4.2225738
28.750000000000274,4.2225738,4.2225738
28.800000000000274,4.2225738,4.2802024
28.850000000000275,4.2802024,4.2802024
28.900000000000276,4.2802024,4.2706513
28.950000000000276,4.2706513,4.3445277
29.000000000000277,4.3445277,4.3445277
29.050000000000278,4.3445277,4.3534446
29.10000000000028,4.3534446,4.3534446
29.15000000000028,4.3534446,4.359989
29.20000000000028,4.359989,4.359989
29.25000000000028,4.359989,4.3538423
29.30000000000028,4.3538423,4.3594728
29.350000000000282,4.3594728,4.3594728
29.400000000000283,4.3594728,4.4319944
29.450000000000284,4.4319944,4.4319944
29.500000000000284,4.4319944,4.437655
29.550000000000285,4.437655,4.437655
29.600000000000286,4.437655,4.482686
29.650000000000286,4.482686,4.4780455
29.700000000000287,4.4780455,4.4780455
29.750000000000288,4.4780455,4.5235853
29.80000000000029,4.5235853,4.5192156
29.85000000000029,4.5192156,4.5192156
29.90000000000029,4.5192156,4.5359244
29.95000000000029,4.5359244,4.5359244
30.00000000000029,4.5359244,4.577471
30.050000000000292,4.577471,4.636636
30.100000000000293,4.636636,4.636636
30.150000000000293,4.636636,4.6596794
30.200000000000294,4.6596794,4.6675696
30.250000000000295,4.6675696,4.6675696
30.300000000000296,4.6675696,4.66987
30.350000000000296,4.66987,4.612287
30.400000000000297,4.612287,4.612287
30.450000000000298,4.612287,4.622002
30.5000000000003,4.622002,4.622002
30.5500000000003,4.622002,4.7016125
30.6000000000003,4.7016125,4.6769567
30.6500000000003,4.6769567,4.6769567
30.7000000000003,4.6769567,4.732399
30.750000000000302,4.732399,4.732399
30.800000000000303,4.732399,4.714931
30.850000000000303,4.714931,4.7254567
30.900000000000304,4.7254567,4.7254567
30.950000000000305,4.7254567,4.758322
31.000000000000306,4.758322,4.814245
31.050000000000306,4.814245,4.814245
31.100000000000307,4.814245,4.7892747
31.150000000000308,4.7892747,4.8340464
31.20000000000031,4.8340464,4.8340464
31.25000000000031,4.8340464,4.946411
31.30000000000031,4.946411,4.946411
31.35000000000031,4.946411,5.46321
31.40000000000031,5.46321,6.6234007
31.450000000000312,6.6234007,6.6234007
31.500000000000313,6.6234007,7.2465053
31.550000000000313,7.2465053,7.786548
31.600000000000314,7.786548,7.786548
31.650000000000315,7.786548,7.846622
31.700000000000315,7.846622,7.846622
31.750000000000316,7.846622,8.260637
31.800000000000317,8.260637,8.438273
31.850000000000318,8.438273,8.438273
31.90000000000032,8.438273,8.145917
31.95000000000032,8.145917,7.744572
32.00000000000032,7.744572,7.744572
32.05000000000032,7.744572,7.269374
32.100000000000314,7.269374,7.269374
32.15000000000031,7.269374,7.017889
32.20000000000031,7.017889,6.9716234
32.250000000000306,6.9716234,6.9716234
32.3000000000003,6.9716234,6.979631
32.3500000000003,6.979631,6.979631
32.4000000000003,6.979631,7.2988577
32.450000000000294,7.2988577,7.2988577
32.50000000000029,7.2988577,7.3028316
32.55000000000029,7.3028316,7.3028316
32.600000000000286,7.3028316,7.600352
32.65000000000028,7.600352,7.600352
32.70000000000028,7.600352,7.7742047
32.75000000000028,7.7742047,8.018095
32.800000000000274,8.018095,8.018095
32.85000000000027,8.018095,8.205638
32.90000000000027,8.205638,8.460657
32.950000000000266,8.460657,8.460657
33.00000000000026,8.460657,8.589566
33.05000000000026,8.589566,8.589566
33.10000000000026,8.589566,8.933489
33.150000000000254,8.933489,9.309811
33.20000000000025,9.309811,9.309811
33.25000000000025,9.309811,9.547183
33.300000000000246,9.547183,9.641414
33.35000000000024,9.641414,9.641414
33.40000000000024,9.641414,9.44045
33.45000000000024,9.44045,9.44045
33.500000000000234,9.44045,9.41383
33.55000000000023,9.41383,9.41383
33.60000000000023,9.41383,9.137428
33.650000000000226,9.137428,8.821895
33.70000000000022,8.821895,8.821895
33.75000000000022,8.821895,8.540656
33.80000000000022,8.540656,8.367955
33.850000000000215,8.367955,8.367955
33.90000000000021,8.367955,8.089311
33.95000000000021,8.089311,7.828549
34.000000000000206,7.828549,7.828549
34.0500000000002,7.828549,7.6914372
34.1000000000002,7.6914372,7.6914372
34.1500000000002,7.6914372,7.513684
34.200000000000195,7.513684,7.4297867
34.25000000000019,7.4297867,7.4297867
34.30000000000019,7.4297867,7.2414985
34.350000000000186,7.2414985,7.1728005
34.40000000000018,7.1728005,7.1728005
34.45000000000018,7.1728005,7.269481
34.50000000000018,7.269481,7.269481
34.550000000000175,7.269481,7.2302
34.60000000000017,7.2302,7.299164
34.65000000000017,7.299164,7.299164
34.700000000000166,7.299164,7.306458
34.75000000000016,7.306458,7.425235
34.80000000000016,7.425235,7.425235
34.85000000000016,7.425235,7.5786963
34.900000000000155,7.5786963,7.5786963
34.95000000000015,7.5786963,7.7804875
35.00000000000015,7.7804875,7.9164324
35.050000000000146,7.9164324,7.9164324
35.10000000000014,7.9164324,7.983347
35.15000000000014,7.983347,8.205145
35.20000000000014,8.205145,8.205145
35.250000000000135,8.205145,8.252287
35.30000000000013,8.252287,8.227169
35.35000000000013,8.227169,8.227169
35.40000000000013,8.227169,8.211952
35.450000000000124,8.211952,8.119038
35.50000000000012,8.119038,8.119038
35.55000000000012,8.119038,8.116859
35.600000000000115,8.116859,8.116859
35.65000000000011,8.116859,8.162979
35.70000000000011,8.162979,8.269316
35.75000000000011,8.269316,8.269316
35.800000000000104,8.269316,8.360543
35.8500000000001,8.360543,8.360543
35.9000000000001,8.360543,8.320904
35.950000000000095,8.320904,8.164786
36.00000000000009,8.164786,8.164786
36.05000000000009,8.164786,7.9458265
36.10000000000009,7.9458265,7.4810333
36.150000000000084,7.4810333,7.4810333
36.20000000000008,7.4810333,7.0092044
36.25000000000008,7.0092044,6.447874
36.300000000000075,6.447874,6.447874
36.35000000000007,6.447874,5.966641
36.40000000000007,5.966641,5.708059
36.45000000000007,5.708059,5.708059
36.500000000000064,5.708059,5.4553294
36.55000000000006,5.4553294,5.4553294
36.60000000000006,5.4553294,5.2711124
36.650000000000055,5.2711124,5.1858068
36.70000000000005,5.1858068,5.1858068
36.75000000000005,5.1858068,5.1680923
36.80000000000005,5.1680923,5.1680923
36.850000000000044,5.1680923,5.112337
36.90000000000004,5.112337,5.126322
36.95000000000004,5.126322,5.126322
37.000000000000036,5.126322,5.0943065
37.05000000000003,5.0943065,4.879573
37.10000000000003,4.879573,4.879573
37.15000000000003,4.879573,4.690067
37.200000000000024,4.690067,4.5947747
37.25000000000002,4.5947747,4.5947747
37.30000000000002,4.5947747,4.437091
37.350000000000016,4.437091,4.3331017
37.40000000000001,4.3331017,4.3331017
37.45000000000001,4.3331017,4.1848617
37.50000000000001,4.1848617,4.1848617
37.550000000000004,4.1848617,4.112024
37.6,4.112024,4.112024
37.65,4.112024,4.0277762
37.699999999999996,4.0277762,3.9747887
37.74999999999999,3.9747887,3.9747887
37.79999999999999,3.9747887,4.0386167
37.84999999999999,4.0386167,4.0756497
37.899999999999984,4.0756497,4.0756497
37.94999999999998,4.0756497,4.1170373
37.99999999999998,4.1170373,4.1170373
38.049999999999976,4.1170373,4.065957
38.09999999999997,4.065957,3.942023
38.14999999999997,3.942023,3.942023
38.19999999999997,3.942023,3.844201
38.249999999999964,3.844201,3.844201
38.29999999999996,3.844201,3.66499
38.34999999999996,3.66499,3.592264
38.399999999999956,3.592264,3.592264
38.44999999999995,3.592264,3.7307749
38.49999999999995,3.7307749,3.7307749
38.54999999999995,3.7307749,3.8068185
38.599999999999945,3.8068185,3.9403527
38.64999999999994,3.9403527,3.9403527
38.69999999999994,3.9403527,4.0184474
38.749999999999936,4.0184474,4.0184474
38.79999999999993,4.0184474,3.9891236
38.84999999999993,3.9891236,4.1223598
38.89999999999993,4.1223598,4.1223598
38.949999999999925,4.1223598,4.157246
38.99999999999992,4.157246,4.157246
39.04999999999992,4.157246,4.2147446
39.099999999999916,4.2147446,4.237071
39.14999999999991,4.237071,4.237071
39.19999999999991,4.237071,4.310635
39.24999999999991,4.310635,4.4172983
39.299999999999905,4.4172983,4.4172983
39.3499999999999,4.4172983,4.409969
39.3999999999999,4.409969,4.409969
39.449999999999896,4.409969,4.4698777
39.49999999999989,4.4698777,4.4309254
39.54999999999989,4.4309254,4.4309254
39.59999999999989,4.4309254,4.483882
39.649999999999885,4.483882,4.6024966
39.69999999999988,4.6024966,4.6024966
39.74999999999988,4.6024966,4.6636305
39.799999999999876,4.6636305,4.685425
39.84999999999987,4.685425,4.685425
39.89999999999987,4.685425,4.678809
39.94999999999987,4.678809,4.678809
39.999999999999865,4.678809,4.6906586
40.04999999999986,4.6906586,4.724846
40.09999999999986,4.724846,4.724846
40.14999999999986,4.724846,4.790083
40.199999999999854,4.790083,4.797225
40.24999999999985,4.797225,4.797225
40.29999999999985,4.797225,4.8248296
40.349999999999845,4.8248296,4.8775043
40.39999999999984,4.8775043,4.8775043
40.44999999999984,4.8775043,4.8165126
40.49999999999984,4.8165126,4.8165126
40.549999999999834,4.8165126,4.8525834
40.59999999999983,4.8525834,4.820826
40.64999999999983,4.820826,4.820826
40.699999999999825,4.820826,4.8580275
40.74999999999982,4.8580275,4.8580275
40.79999999999982,4.8580275,4.9324055
40.84999999999982,4.9324055,4.928625
40.899999999999814,4.928625,4.928625
40.94999999999981,4.928625,4.9431095
40.99999999999981,4.9431095,4.9006467
41.049999999999805,4.9006467,4.9006467
41.0999999999998,4.9006467,4.8671365
41.1499999999998,4.8671365,4.8671365
41.1999999999998,4.8671365,4.941876
41.249999999999794,4.941876,4.9233813
41.29999999999979,4.9233813,4.9233813
41.34999999999979,4.9233813,4.891875
41.399999999999785,4.891875,4.951718
41.44999999999978,4.951718,4.951718
41.49999999999978,4.951718,5.0077806
41.54999999999978,5.0077806,4.9813814
41.599999999999774,4.9813814,4.9813814
41.64999999999977,4.9813814,5.012171
41.69999999999977,5.012171,5.1104183
41.749999999999766,5.1104183,5.1104183
41.79999999999976,5.1104183,5.1931257
41.84999999999976,5.1931257,5.1931257
41.89999999999976,5.1931257,5.2782993
41.949999999999754,5.2782993,5.853627
41.99999999999975,5.853627,5.853627
42.04999999999975,5.853627,6.2885747
42.099999999999746,6.2885747,6.3220243
42.14999999999974,6.3220243,6.3220243
42.19999999999974,6.3220243,6.5766206
42.24999999999974,6.5766206,6.5766206
42.299999999999734,6.5766206,6.572344
42.34999999999973,6.572344,6.3501544
42.39999999999973,6.3501544,6.3501544
42.449999999999726,6.3501544,6.400727
42.49999999999972,6.400727,6.4863863
42.54999999999972,6.4863863,6.4863863
42.59999999999972,6.4863863,6.7130485
42.649999999999714,6.7130485,6.932793
42.69999999999971,6.932793,6.932793
42.74999999999971,6.932793,7.371232
42.799999999999706,7.371232,7.371232
42.8499999999997,7.371232,7.8943524
42.8999999999997,7.8943524,7.8821335
42.9499999999997,7.8821335,7.8821335
42.999999999999694,7.8821335,8.1328945
43.04999999999969,8.1328945,8.269213
43.09999999999969,8.269213,8.269213
43.149999999999686,8.269213,8.203219
43.19999999999968,8.203219,7.9973636
43.24999999999968,7.9973636,7.9973636
43.29999999999968,7.9973636,7.540005
43.349999999999675,7.540005,7.540005
43.39999999999967,7.540005,7.3712673
43.44999999999967,7.3712673,7.137128
43.499999999999666,7.137128,7.137128
43.54999999999966,7.137128,6.893467
43.59999999999966,6.893467,6.6329455
43.64999999999966,6.6329455,6.6329455
43.699999999999655,6.6329455,6.538392
43.74999999999965,6.538392,6.3659315
43.79999999999965,6.3659315,6.3659315
43.849999999999646,6.3659315,6.2873335
43.89999999999964,6.2873335,6.237237
43.94999999999964,6.237237,6.237237
43.99999999999964,6.237237,6.1614637
44.049999999999635,6.1614637,6.0030885
44.09999999999963,6.0030885,6.0030885
44.14999999999963,6.0030885,5.787286
44.199999999999626,5.787286,5.787286
44.24999999999962,5.787286,5.7546816
44.29999999999962,5.7546816,5.7546816
44.34999999999962,5.7546816,5.72242
44.399999999999615,5.72242,5.7481484
44.44999999999961,5.7481484,5.7481484
44.49999999999961,5.7481484,5.726747
44.549999999999606,5.726747,5.726747
44.5999999999996,5.726747,5.7411137
44.6499999999996,5.7411137,5.7120185
44.6999999999996,5.7120185,5.7120185
44.749999999999595,5.7120185,5.6153584
44.79999999999959,5.6153584,5.699067
44.84999999999959,5.699067,5.699067
44.89999999999959,5.699067,5.6268206
44.949999999999584,5.6268206,5.6268206
44.99999999999958,5.6268206,5.673915
45.04999999999958,5.673915,5.5796776
45.099999999999575,5.5796776,5.5796776
45.14999999999957,5.5796776,5.510087
45.19999999999957,5.510087,5.510087
45.24999999999957,5.510087,5.526301
45.299999999999564,5.526301,5.54449
45.34999999999956,5.54449,5.54449
45.39999999999956,5.54449,5.48643
45.449999999999555,5.48643,5.5427885
45.49999999999955,5.5427885,5.5427885
45.54999999999955,5.5427885,5.4230328
45.59999999999955,5.4230328,5.4230328
45.649999999999544,5.4230328,5.50591
45.69999999999954,5.50591,5.50591
45.74999999999954,5.50591,5.463504
45.799999999999535,5.463504,5.4007597
45.84999999999953,5.4007597,5.4007597
45.89999999999953,5.4007597,5.405293
45.94999999999953,5.405293,5.405293
45.999999999999524,5.405293,5.36311
46.04999999999952,5.36311,5.36311
46.09999999999952,5.36311,5.381946
46.149999999999515,5.381946,5.381946
46.19999999999951,5.381946,5.3694887
46.24999999999951,5.3694887,5.3339233
46.29999999999951,5.3339233,5.3339233
46.349999999999504,5.3339233,5.315166
46.3999999999995,5.315166,5.315166
46.4499999999995,5.315166,5.2789125
46.499999999999496,5.2789125,5.2674356
46.54999999999949,5.2674356,5.2674356
46.59999999999949,5.2674356,5.1760416
46.64999999999949,5.1760416,5.1760416
46.699999999999484,5.1760416,5.141348
46.74999999999948,5.141348,5.141348
46.79999999999948,5.141348,5.1445847
46.849999999999476,5.1445847,5.085787
46.89999999999947,5.085787,5.085787
46.94999999999947,5.085787,5.0943103
46.99999999999947,5.0943103,5.086853
47.049999999999464,5.086853,5.086853
47.09999999999946,5.086853,5.017929
47.14999999999946,5.017929,5.017929
47.199999999999456,5.017929,4.9541516
47.24999999999945,4.9541516,4.9587355
47.29999999999945,4.9587355,4.9587355
47.34999999999945,4.9587355,4.9610767
47.399999999999444,4.9610767,4.906664
47.44999999999944,4.906664,4.906664
47.49999999999944,4.906664,4.814907
47.549999999999436,4.814907,4.80154
47.59999999999943,4.80154,4.80154
47.64999999999943,4.80154,4.819632
47.69999999999943,4.819632,4.819632
47.749999999999424,4.819632,4.697975
47.79999999999942,4.697975,4.654951
47.84999999999942,4.654951,4.654951
47.899999999999416,4.654951,4.6819534
47.94999999999941,4.6819534,4.5834727
47.99999999999941,4.5834727,4.5834727
48.04999999999941,4.5834727,4.6323695
48.099999999999405,4.6323695,4.5690975
48.1499999999994,4.5690975,4.5690975
48.1999999999994,4.5690975,4.5240207
48.249999999999396,4.5240207,4.4077473
48.29999999999939,4.4077473,4.4077473
48.34999999999939,4.4077473,4.375057
48.39999999999939,4.375057,4.375057
48.449999999999385,4.375057,4.3230495
48.49999999999938,4.3230495,4.2934017
48.54999999999938,4.2934017,4.2934017
48.599999999999376,4.2934017,4.1829967
48.64999999999937,4.1829967,4.149784
48.69999999999937,4.149784,4.149784
48.74999999999937,4.149784,4.0915055
48.799999999999365,4.0915055,4.0915055
48.84999999999936,4.0915055,4.0272474
48.89999999999936,4.0272474,4.0272474
48.949999999999356,4.0272474,3.9556267
48.99999999999935,3.9556267,3.9613724
49.04999999999935,3.9613724,3.9613724
49.09999999999935,3.9613724,3.89128
49.149999999999345,3.89128,3.8658073
49.19999999999934,3.8658073,3.8658073
49.24999999999934,3.8658073,3.776391
49.299999999999336,3.776391,3.776391
49.34999999999933,3.776391,3.7754276
49.39999999999933,3.7754276,3.681021
49.44999999999933,3.681021,3.681021
49.499999999999325,3.681021,3.7043314
49.54999999999932,3.7043314,3.7043314
49.59999999999932,3.7043314,3.6212945
49.64999999999932,3.6212945,3.6212945
49.699999999999314,3.6212945,3.5461392
49.74999999999931,3.5461392,3.511955
49.79999999999931,3.511955,3.511955
49.849999999999305,3.511955,3.4845932
49.8999999999993,3.4845932,3.4520767
49.9499999999993,3.4520767,3.4520767
49.9999999999993,3.4520767,3.3980274
50.049999999999294,3.3980274,3.3980274
50.09999999999929,3.3980274,3.401153
50.14999999999929,3.401153,3.3026998
50.199999999999285,3.3026998,3.3026998
50.24999999999928,3.3026998,3.265816
50.29999999999928,3.265816,3.2765157
50.34999999999928,3.2765157,3.2765157
50.399999999999274,3.2765157,3.2485883
50.44999999999927,3.2485883,3.2485883
50.49999999999927,3.2485883,3.0993218
50.549999999999265,3.0993218,3.0993218
50.59999999999926,3.0993218,3.095647
50.64999999999926,3.095647,3.0203145
50.69999999999926,3.0203145,3.0203145
50.749999999999254,3.0203145,2.988822
50.79999999999925,2.988822,2.988822
50.84999999999925,2.988822,2.9702165
50.899999999999245,2.9702165,2.997431
50.94999999999924,2.997431,2.997431
50.99999999999924,2.997431,2.8877761
51.04999999999924,2.8877761,2.8877761
51.099999999999234,2.8877761,2.829858
51.14999999999923,2.829858,2.829858
51.19999999999923,2.829858,2.8356297
51.249999999999226,2.8356297,2.8069978
51.29999999999922,2.8069978,2.8069978
51.34999999999922,2.8069978,2.751144
51.39999999999922,2.751144,2.7647903
51.449999999999214,2.7647903,2.7647903
51.49999999999921,2.7647903,2.7315972
51.54999999999921,2.7315972,2.7315972
51.599999999999206,2.7315972,2.6842947
51.6499999999992,2.6842947,2.6333559
51.6999999999992,2.6333559,2.6333559
51.7499999999992,2.6333559,2.6256576
51.799999999999194,2.6256576,2.6256576
51.84999999999919,2.6256576,2.5672553
51.89999999999919,2.5672553,2.5672553
51.949999999999186,2.5672553,2.600647
51.99999999999918,2.600647,2.5763545
52.04999999999918,2.5763545,2.5763545
52.09999999999918,2.5763545,2.53513
52.149999999999174,2.53513,2.53513
52.19999999999917,2.53513,2.5200067
52.24999999999917,2.5200067,2.4640207
52.299999999999166,2.4640207,2.4640207
52.34999999999916,2.4640207,2.3838842
52.39999999999916,2.3838842,2.3838842
52.44999999999916,2.3838842,2.3985057
52.499999999999154,2.3985057,2.3985057
52.54999999999915,2.3985057,2.4180195
52.59999999999915,2.4180195,2.4180195
52.649999999999146,2.4180195,2.386248
52.69999999999914,2.386248,2.3727498
52.74999999999914,2.3727498,2.3727498
52.79999999999914,2.3727498,2.2472386
52.849999999999135,2.2472386,2.2472386
52.89999999999913,2.2472386,2.2289279
52.94999999999913,2.2289279,2.2288113
52.999999999999126,2.2288113,2.2288113
53.04999999999912,2.2288113,2.1757345
53.09999999999912,2.1757345,2.1757345
53.14999999999912,2.1757345,2.220942
53.199999999999115,2.220942,2.1425388
53.24999999999911,2.1425388,2.1425388
53.29999999999911,2.1425388,2.1332579
53.349999999999106,2.1332579,2.1332579
53.3999999999991,2.1332579,2.050477
53.4499999999991,2.050477,2.0405169
53.4999999999991,2.0405169,2.0405169
53.549999999999095,2.0405169,2.1055734
53.59999999999909,2.1055734,2.0609279
53.64999999999909,2.0609279,2.0609279
53.699999999999086,2.0609279,1.9893632
53.74999999999908,1.9893632,1.9893632
53.79999999999908,1.9893632,2.0511813
53.84999999999908,2.0511813,1.9291124
53.899999999999075,1.9291124,1.9291124
53.94999999999907,1.9291124,2.0034273
53.99999999999907,2.0034273,2.0034273
54.049999999999066,2.0034273,1.9336171
54.09999999999906,1.9336171,1.9493432
54.14999999999906,1.9493432,1.9493432
54.19999999999906,1.9493432,1.8963975
54.249999999999055,1.8963975,1.8963975
54.29999999999905,1.8963975,1.8229666
54.34999999999905,1.8229666,1.8463756
54.39999999999905,1.8463756,1.8463756
54.449999999999044,1.8463756,1.5266507
54.49999999999904,1.5266507,1.5266507
54.54999999999904,1.5266507,1.4853354
54.599999999999035,1.4853354,1.4853354
54.64999999999903,1.4853354,1.3907726
54.69999999999903,1.3907726,1.3907726
54.74999999999903,1.3907726,1.3538432
54.799999999999024,1.3538432,1.3438362
54.84999999999902,1.3438362,1.3438362
54.89999999999902,1.3438362,1.3886806
54.949999999999015,1.3886806,1.372437
54.99999999999901,1.372437,1.372437
55.04999999999901,1.372437,1.374082
55.09999999999901,1.374082,1.374082
55.149999999999004,1.374082,1.3676854
55.199999999999,1.3676854,1.4045217
55.249999999999,1.4045217,1.4045217
55.299999999998995,1.4045217,1.4621928
55.34999999999899,1.4621928,1.6313652
55.39999999999899,1.6313652,1.6313652
55.44999999999899,1.6313652,1.6740874
55.499999999998984,1.6740874,1.6740874
55.54999999999898,1.6740874,1.812113
55.59999999999898,1.812113,2.1216927
55.649999999998975,2.1216927,2.1216927
55.69999999999897,2.1216927,2.2441688
55.74999999999897,2.2441688,2.389831
55.79999999999897,2.389831,2.389831
55.849999999998964,2.389831,2.551536
55.89999999999896,2.551536,2.6894038
55.94999999999896,2.6894038,2.6894038
55.999999999998956,2.6894038,3.0871437
56.04999999999895,3.0871437,3.0871437
56.09999999999895,3.0871437,3.2142403
56.14999999999895,3.2142403,3.3321304
56.199999999998944,3.3321304,3.3321304
56.24999999999894,3.3321304,3.4573574
56.29999999999894,3.4573574,3.634337
56.349999999998936,3.634337,3.634337
56.39999999999893,3.634337,3.7408826
56.44999999999893,3.7408826,3.7408826
56.49999999999893,3.7408826,3.6996574
56.549999999998924,3.6996574,3.6996574
56.59999999999892,3.6996574,3.6194928
56.64999999999892,3.6194928,3.3824716
56.699999999998916,3.3824716,3.3824716
56.74999999999891,3.3824716,3.0765693
56.79999999999891,3.0765693,3.0765693
56.84999999999891,3.0765693,2.6822758
56.899999999998904,2.6822758,2.365704
56.9499999999989,2.365704,2.365704
56.9999999999989,2.365704,1.9010546
57.049999999998896,1.9010546,1.9010546
57.09999999999889,1.9010546,0.50185096
57.14999999999889,0.50185096,-0.05221328
57.19999999999889,-0.05221328,-0.05221328
57.249999999998884,-0.05221328,-0.24394394
57.29999999999888,-0.24394394,-0.312382
57.34999999999888,-0.312382,-0.312382
57.399999999998876,-0.312382,-0.35637602
57.44999999999887,-0.35637602,-0.35637602
57.49999999999887,-0.35637602,-0.26170367
57.54999999999887,-0.26170367,-0.2750745
57.599999999998865,-0.2750745,-0.2750745
57.64999999999886,-0.2750745,-0.29221898
57.69999999999886,-0.29221898,-0.36532447
57.749999999998856,-0.36532447,-0.36532447
57.79999999999885,-0.36532447,-0.3449357
57.84999999999885,-0.3449357,-0.3449357
57.89999999999885,-0.3449357,-0.41725823
57.949999999998845,-0.41725823,-0.46386337
57.99999999999884,-0.46386337,-0.46386337
58.04999999999884,-0.46386337,-0.46636143
58.099999999998836,-0.46636143,-0.46636143
58.14999999999883,-0.46636143,-0.5093777
58.19999999999883,-0.5093777,-0.64485306
58.24999999999883,-0.64485306,-0.64485306
58.299999999998825,-0.64485306,-0.702041
58.34999999999882,-0.702041,-0.6867113
58.39999999999882,-0.6867113,-0.6867113
58.449999999998816,-0.6867113,-0.7785243
58.49999999999881,-0.7785243,-0.7613531
58.54999999999881,-0.7613531,-0.7613531
58.59999999999881,-0.7613531,-0.7388087
58.649999999998805,-0.7388087,-0.7388087
58.6999999999988,-0.7388087,-0.8107002
58.7499999999988,-0.8107002,-0.8510451
58.799999999998796,-0.8510451,-0.8510451
58.84999999999879,-0.8510451,-0.8671706
58.89999999999879,-0.8671706,-0.8736938
58.94999999999879,-0.8736938,-0.8736938
58.999999999998785,-0.8736938,-0.9945137
59.04999999999878,-0.9945137,-0.97980595
59.09999999999878,-0.97980595,-0.97980595
59.149999999998776,-0.97980595,-1.115548
59.199999999998774,-1.115548,-1.115548
59.24999999999877,-1.115548,-1.0973258
59.29999999999877,-1.0973258,-1.1495601
59.349999999998765,-1.1495601,-1.1495601
59.39999999999876,-1.1495601,-1.3115771
59.44999999999876,-1.3115771,-1.3115771
59.49999999999876,-1.3115771,-1.5058633
59.549999999998754,-1.5058633,-1.5058633
59.59999999999875,-1.5058633,-1.7100728
59.64999999999875,-1.7100728,-1.8407575
59.699999999998745,-1.8407575,-1.8407575
59.74999999999874,-1.8407575,-2.0039225
59.79999999999874,-2.0039225,-2.0039225
59.84999999999874,-2.0039225,-2.125465
59.899999999998734,-2.125465,-2.2151084
59.94999999999873,-2.2151084,-2.2151084
59.99999999999873,-2.2151084,-2.156284
60.049999999998725,-2.156284,-2.1450615
60.09999999999872,-2.1450615,-2.1450615
60.14999999999872,-2.1450615,-2.1555908
60.19999999999872,-2.1555908,-2.1555908
60.249999999998714,-2.1555908,-2.1407697
60.29999999999871,-2.1407697,-2.0256631
60.34999999999871,-2.0256631,-2.0256631
60.399999999998705,-2.0256631,-2.0530384
60.4499999999987,-2.0530384,-2.0620751
60.4999999999987,-2.0620751,-2.0620751
60.5499999999987,-2.0620751,-2.0629232
60.599999999998694,-2.0629232,-2.0629232
60.64999999999869,-2.0629232,-2.0640807
60.69999999999869,-2.0640807,-2.0641618
60.749999999998685,-2.0641618,-2.0641618
60.79999999999868,-2.0641618,-2.071609
60.84999999999868,-2.071609,-2.0817566
60.89999999999868,-2.0817566,-2.0817566
60.949999999998674,-2.0817566,-2.136977
60.99999999999867,-2.136977,-2.1100495
61.04999999999867,-2.1100495,-2.1100495
61.099999999998666,-2.1100495,-2.2092214
61.14999999999866,-2.2092214,-2.2092214
61.19999999999866,-2.2092214,-2.2369123
61.24999999999866,-2.2369123,-2.2337523
61.299999999998654,-2.2337523,-2.2337523
61.34999999999865,-2.2337523,-2.1755145
61.39999999999865,-2.1755145,-2.1755145
61.449999999998646,-2.1755145,-2.2765062
61.49999999999864,-2.2765062,-2.235281
61.54999999999864,-2.235281,-2.235281
61.59999999999864,-2.235281,-2.2338533
61.649999999998634,-2.2338533,-2.2338533
61.69999999999863,-2.2338533,-2.2545693
61.74999999999863,-2.2545693,-2.2637367
61.799999999998626,-2.2637367,-2.2637367
61.84999999999862,-2.2637367,-2.2994847
61.89999999999862,-2.2994847,-2.3260403
61.94999999999862,-2.3260403,-2.3260403
61.999999999998614,-2.3260403,-2.348645
62.04999999999861,-2.348645,-2.3359947
62.09999999999861,-2.3359947,-2.3359947
62.149999999998606,-2.3359947,-2.4106042
62.1999999999986,-2.4106042,-2.4106042
62.2499999999986,-2.4106042,-2.3582714
62.2999999999986,-2.3582714,-2.3997037
62.349999999998595,-2.3997037,-2.3997037
62.39999999999859,-2.3997037,-2.4123142
62.44999999999859,-2.4123142,-2.50267
62.499999999998586,-2.50267,-2.50267
62.54999999999858,-2.50267,-2.4672449
62.59999999999858,-2.4672449,-2.442129
62.64999999999858,-2.442129,-2.442129
62.699999999998575,-2.442129,-2.4806833
62.74999999999857,-2.4806833,-2.5790818
62.79999999999857,-2.5790818,-2.5790818
62.849999999998566,-2.5790818,-2.576197
62.89999999999856,-2.576197,-2.576197
62.94999999999856,-2.576197,-2.6041415
62.99999999999856,-2.6041415,-2.5739596
63.049999999998555,-2.5739596,-2.5739596
63.09999999999855,-2.5739596,-2.6362472
63.14999999999855,-2.6362472,-2.6362472
63.199999999998546,-2.6362472,-2.681281
63.24999999999854,-2.681281,-2.681281
63.29999999999854,-2.681281,-2.6076093
63.34999999999854,-2.6076093,-2.6205728
63.399999999998535,-2.6205728,-2.6205728
63.44999999999853,-2.6205728,-2.6753147
63.49999999999853,-2.6753147,-2.7095678
63.549999999998526,-2.7095678,-2.7095678
63.59999999999852,-2.7095678,-2.68862
63.64999999999852,-2.68862,-2.68862
63.69999999999852,-2.68862,-2.7377057
63.749999999998515,-2.7377057,-2.7477682
63.79999999999851,-2.7477682,-2.7477682
63.84999999999851,-2.7477682,-2.7987072
63.899999999998506,-2.7987072,-2.8402834
63.949999999998504,-2.8402834,-2.8402834
63.9999999999985,-2.8402834,-2.8553452
64.0499999999985,-2.8553452,-2.867593
64.0999999999985,-2.867593,-2.867593
64.1499999999985,-2.867593,-2.9094303
64.1999999999985,-2.9094303,-2.9180732
64.2499999999985,-2.9180732,-2.9180732
64.29999999999849,-2.9180732,-2.9131098
64.34999999999849,-2.9131098,-2.9131098
64.39999999999849,-2.9131098,-3.0048397
64.44999999999848,-3.0048397,-3.0048397
64.49999999999848,-3.0048397,-3.0290625
64.54999999999848,-3.0290625,-2.9928575
64.59999999999847,-2.9928575,-2.9928575
64.64999999999847,-2.9928575,-3.0144212
64.69999999999847,-3.0144212,-3.0438454
64.74999999999847,-3.0438454,-3.0438454
64.79999999999846,-3.0438454,-3.1098046
64.84999999999846,-3.1098046,-3.1098046
64.89999999999846,-3.1098046,-3.159396
64.94999999999845,-3.159396,-3.159396
64.99999999999845,-3.159396,-3.2052705
65.04999999999845,-3.2052705,-3.2052705
65.09999999999845,-3.2052705,-3.2350395
65.14999999999844,-3.2350395,-3.2350395
65.19999999999844,-3.2350395,-3.2493198
65.24999999999844,-3.2493198,-3.3058045
65.29999999999843,-3.3058045,-3.3058045
65.34999999999843,-3.3058045,-3.3281324
65.39999999999843,-3.3281324,-3.3216693
65.44999999999843,-3.3216693,-3.3216693
65.49999999999842,-3.3216693,-3.4261534
65.54999999999842,-3.4261534,-3.4369879
65.59999999999842,-3.4369879,-3.4369879
65.64999999999841,-3.4369879,-3.436853
65.69999999999841,-3.436853,-3.436853
65.74999999999841,-3.436853,-3.4475322
65.7999999999984,-3.4475322,-3.4475322
65.8499999999984,-3.4475322,-3.5545413
65.8999999999984,-3.5545413,-3.5545413
65.9499999999984,-3.5545413,-3.6228254
65.9999999999984,-3.6228254,-3.6553295
66.04999999999839,-3.6553295,-3.6553295
66.09999999999839,-3.6553295,-3.6548872
66.14999999999839,-3.6548872,-3.7225409
66.19999999999838,-3.7225409,-3.7225409
66.24999999999838,-3.7225409,-3.7020216
66.29999999999838,-3.7020216,-3.7020216
66.34999999999837,-3.7020216,-3.7224329
66.39999999999837,-3.7224329,-3.8683186
66.44999999999837,-3.8683186,-3.8683186
66.49999999999837,-3.8683186,-3.848167
66.54999999999836,-3.848167,-3.879879
66.59999999999836,-3.879879,-3.879879
66.64999999999836,-3.879879,-3.922166
66.69999999999835,-3.922166,-3.922166
66.74999999999835,-3.922166,-3.976983
66.79999999999835,-3.976983,-3.976983
66.84999999999835,-3.976983,-4.010789
66.89999999999834,-4.010789,-4.0983844
66.94999999999834,-4.0983844,-4.0983844
66.99999999999834,-4.0983844,-4.082953
67.04999999999833,-4.082953,-4.1270337
67.09999999999833,-4.1270337,-4.1270337
67.14999999999833,-4.1270337,-4.128541
67.19999999999833,-4.128541,-4.128541
67.24999999999832,-4.128541,-4.1341047
67.29999999999832,-4.1341047,-4.20973
67.34999999999832,-4.20973,-4.20973
67.39999999999831,-4.20973,-4.286468
67.44999999999831,-4.286468,-4.3181624
67.49999999999831,-4.3181624,-4.3181624
67.5499999999983,-4.3181624,-4.2733636
67.5999999999983,-4.2733636,-4.3309937
67.6499999999983,-4.3309937,-4.3309937
67.6999999999983,-4.3309937,-4.409111
67.7499999999983,-4.409111,-4.409111
67.79999999999829,-4.409111,-4.4332643
67.84999999999829,-4.4332643,-4.4332643
67.89999999999829,-4.4332643,-4.4476724
67.94999999999828,-4.4476724,-4.438103
67.99999999999828,-4.438103,-4.438103
68.04999999999828,-4.438103,-4.5018516
68.09999999999827,-4.5018516,-4.5018516
68.14999999999827,-4.5018516,-4.5509863
68.19999999999827,-4.5509863,-4.5509863
68.24999999999827,-4.5509863,-4.5402317
68.29999999999826,-4.5402317,-4.5845785
68.34999999999826,-4.5845785,-4.5845785
68.39999999999826,-4.5845785,-4.5844173
68.44999999999825,-4.5844173,-4.6388726
68.49999999999825,-4.6388726,-4.6388726
68.54999999999825,-4.6388726,-4.636111
68.59999999999825,-4.636111,-4.636111
68.64999999999824,-4.636111,-4.6574397
68.69999999999824,-4.6574397,-4.6574397
68.74999999999824,-4.6574397,-4.6605186
68.79999999999824,-4.6605186,-4.899668
68.84999999999823,-4.899668,-4.899668
68.89999999999823,-4.899668,-5.39467
68.94999999999823,-5.39467,-5.39467
68.99999999999822,-5.39467,-5.902887
69.04999999999822,-5.902887,-6.656311
69.09999999999822,-6.656311,-6.656311
69.14999999999822,-6.656311,-6.665949
69.19999999999821,-6.665949,-6.8819013
69.24999999999821,-6.8819013,-6.8819013
69.2999999999982,-6.8819013,-6.891284
69.3499999999982,-6.891284,-6.891284
69.3999999999982,-6.891284,-6.346135
69.4499999999982,-6.346135,-6.209018
69.4999999999982,-6.209018,-6.209018
69.54999999999819,-6.209018,-5.895381
69.59999999999819,-5.895381,-5.5261054
69.64999999999819,-5.5261054,-5.5261054
69.69999999999818,-5.5261054,-5.319853
69.74999999999818,-5.319853,-5.319853
69.79999999999818,-5.319853,-5.228641
69.84999999999818,-5.228641,-5.228641
69.89999999999817,-5.228641,-5.0995855
69.94999999999817,-5.0995855,-4.87233
69.99999999999817,-4.87233,-4.87233
70.04999999999816,-4.87233,-4.6559153
70.09999999999816,-4.6559153,-4.646661
70.14999999999816,-4.646661,-4.646661
70.19999999999816,-4.646661,-4.549945
70.24999999999815,-4.549945,-4.3103304
70.29999999999815,-4.3103304,-4.3103304
70.34999999999815,-4.3103304,-4.2263083
70.39999999999814,-4.2263083,-4.2263083
70.44999999999814,-4.2263083,-4.2632494
70.49999999999814,-4.2632494,-4.1205897
70.54999999999814,-4.1205897,-4.1205897
70.59999999999813,-4.1205897,-3.9064548
70.64999999999813,-3.9064548,-3.6978745
70.69999999999813,-3.6978745,-3.6978745
70.74999999999812,-3.6978745,-3.5837812
70.79999999999812,-3.5837812,-3.4239106
70.84999999999812,-3.4239106,-3.4239106
70.89999999999812,-3.4239106,-3.2502594
70.94999999999811,-3.2502594,-3.1890457
70.99999999999811,-3.1890457,-3.1890457
71.04999999999811,-3.1890457,-3.0531101
71.0999999999981,-3.0531101,-2.883235
71.1499999999981,-2.883235,-2.883235
71.1999999999981,-2.883235,-2.7826724
71.2499999999981,-2.7826724,-2.7826724
71.2999999999981,-2.7826724,-2.7183723
71.34999999999809,-2.7183723,-2.7183723
71.39999999999809,-2.7183723,-2.6179109
71.44999999999808,-2.6179109,-2.499717
71.49999999999808,-2.499717,-2.499717
71.54999999999808,-2.499717,-2.2703452
71.59999999999808,-2.2703452,-2.1342034
71.64999999999807,-2.1342034,-2.1342034
71.69999999999807,-2.1342034,-1.9266832
71.74999999999807,-1.9266832,-1.9266832
71.79999999999806,-1.9266832,-1.9570391
71.84999999999806,-1.9570391,-1.9603407
71.89999999999806,-1.9603407,-1.9603407
71.94999999999806,-1.9603407,-1.9758812
71.99999999999805,-1.9758812,-2.0074985
72.04999999999805,-2.0074985,-2.0074985
72.09999999999805,-2.0074985,-2.0662234
72.14999999999804,-2.0662234,-2.1298304
72.19999999999804,-2.1298304,-2.1298304
72.24999999999804,-2.1298304,-2.3027346
72.29999999999804,-2.3027346,-2.3027346
72.34999999999803,-2.3027346,-2.5089626
72.39999999999803,-2.5089626,-2.9910722
72.44999999999803,-2.9910722,-2.9910722
72.49999999999802,-2.9910722,-3.6719234
72.54999999999802,-3.6719234,-3.6719234
72.59999999999802,-3.6719234,-3.764934
72.64999999999802,-3.764934,-4.1052313
72.69999999999801,-4.1052313,-4.1052313
72.74999999999801,-4.1052313,-4.6641097
72.79999999999801,-4.6641097,-4.6641097
72.849999999998,-4.6641097,-4.780009
72.899999999998,-4.780009,-4.859947
72.949999999998,-4.859947,-4.859947
72.999999999998,-4.859947,-4.955124
73.049999999998,-4.955124,-5.1939964
73.09999999999799,-5.1939964,-5.1939964
73.14999999999799,-5.1939964,-5.5845885
73.19999999999798,-5.5845885,-5.5845885
73.24999999999798,-5.5845885,-5.8086457
73.29999999999798,-5.8086457,-5.8875194
73.34999999999798,-5.8875194,-5.8875194
73.39999999999797,-5.8875194,-5.9593186
73.44999999999797,-5.9593186,-5.9593186
73.49999999999797,-5.9593186,-6.1341715
73.54999999999797,-6.1341715,-5.9334345
73.59999999999796,-5.9334345,-5.9334345
73.64999999999796,-5.9334345,-5.9318576
73.69999999999796,-5.9318576,-5.8202467
73.74999999999795,-5.8202467,-5.8202467
73.79999999999795,-5.8202467,-5.6489887
73.84999999999795,-5.6489887,-5.6489887
73.89999999999795,-5.6489887,-5.556932
73.94999999999794,-5.556932,-5.6307187
73.99999999999794,-5.6307187,-5.6307187
74.04999999999794,-5.6307187,-5.5732656
74.09999999999793,-5.5732656,-5.591278
74.14999999999793,-5.591278,-5.591278
74.19999999999793,-5.591278,-5.3850064
74.24999999999793,-5.3850064,-5.3850064
74.29999999999792,-5.3850064,-5.0533624
74.34999999999792,-5.0533624,-4.6581736
74.39999999999792,-4.6581736,-4.6581736
74.44999999999791,-4.6581736,-4.4499936
74.49999999999791,-4.4499936,-4.4499936
74.54999999999791,-4.4499936,-4.1254525
74.5999999999979,-4.1254525,-4.1254525
74.6499999999979,-4.1254525,-3.7807982
74.6999999999979,-3.7807982,-3.5453846
74.7499999999979,-3.5453846,-3.5453846
74.7999999999979,-3.5453846,-3.1924229
74.84999999999789,-3.1924229,-2.8766456
74.89999999999789,-2.8766456,-2.8766456
74.94999999999789,-2.8766456,-2.464417
74.99999999999788,-2.464417,-2.464417
75.04999999999788,-2.464417,-2.1307974
75.09999999999788,-2.1307974,-1.7568564
75.14999999999787,-1.7568564,-1.7568564
75.19999999999787,-1.7568564,-1.179462
75.24999999999787,-1.179462,-1.0149815
75.29999999999787,-1.0149815,-1.0149815
75.34999999999786,-1.0149815,-0.5815409
75.39999999999786,-0.5815409,-0.5815409
75.44999999999786,-0.5815409,-0.2665444
75.49999999999785,-0.2665444,-0.014562231
75.54999999999785,-0.014562231,-0.014562231
75.59999999999785,-0.014562231,0.13638759
75.64999999999785,0.13638759,0.29558226
75.69999999999784,0.29558226,0.29558226
75.74999999999784,0.29558226,0.30563194
75.79999999999784,0.30563194,0.48267475
75.84999999999783,0.48267475,0.48267475
75.89999999999783,0.48267475,0.5000603
75.94999999999783,0.5000603,0.5000603
75.99999999999783,0.5000603,0.6850959
76.04999999999782,0.6850959,0.7280126
76.09999999999782,0.7280126,0.7280126
76.14999999999782,0.7280126,0.8056041
76.19999999999781,0.8056041,0.8918293
76.24999999999781,0.8918293,0.8918293
76.29999999999781,0.8918293,0.8750533
76.3499999999978,0.8750533,0.9252957
76.3999999999978,0.9252957,0.9252957
76.4499999999978,0.9252957,0.9464233
76.4999999999978,0.9464233,0.9464233
76.5499999999978,0.9464233,0.91420144
76.59999999999779,0.91420144,0.9641869
76.64999999999779,0.9641869,0.9641869
76.69999999999779,0.9641869,0.9802366
76.74999999999778,0.9802366,0.9802366
76.79999999999778,0.9802366,0.9739108
76.84999999999778,0.9739108,1.0490608
76.89999999999777,1.0490608,1.0490608
76.94999999999777,1.0490608,1.0202744
76.99999999999777,1.0202744,1.0961269
77.04999999999777,1.0961269,1.0961269
77.09999999999776,1.0961269,1.1270037
77.14999999999776,1.1270037,1.1270037
77.19999999999776,1.1270037,1.0709924
77.24999999999775,1.0709924,0.89631855
77.29999999999775,0.89631855,0.89631855
77.34999999999775,0.89631855,0.85394907
77.39999999999775,0.85394907,0.85394907
77.44999999999774,0.85394907,0.77405477
77.49999999999774,0.77405477,0.7859872
77.54999999999774,0.7859872,0.7859872
77.59999999999773,0.7859872,0.82192624
77.64999999999773,0.82192624,0.7794385
77.69999999999773,0.7794385,0.7794385
77.74999999999773,0.7794385,0.74590087
77.79999999999772,0.74590087,0.74590087
77.84999999999772,0.74590087,0.74785876
77.89999999999772,0.74785876,0.73661274
77.94999999999771,0.73661274,0.73661274
77.99999999999771,0.73661274,0.7865774
78.04999999999771,0.7865774,0.70422196
78.0999999999977,0.70422196,0.70422196
78.1499999999977,0.70422196,0.78301764
78.1999999999977,0.78301764,0.78301764
78.2499999999977,0.78301764,0.6829303
78.2999999999977,0.6829303,0.7537931
78.34999999999769,0.7537931,0.7537931
78.39999999999769,0.7537931,0.76207024
78.44999999999769,0.76207024,0.69768846
78.49999999999768,0.69768846,0.69768846
78.54999999999768,0.69768846,0.72123253
78.59999999999768,0.72123253,0.7313219
78.64999999999768,0.7313219,0.7313219
78.69999999999767,0.7313219,0.6794296
78.74999999999767,0.6794296,0.6794296
78.79999999999767,0.6794296,0.720567
78.84999999999766,0.720567,0.6896992
78.89999999999766,0.6896992,0.6896992
78.94999999999766,0.6896992,0.6534763
78.99999999999766,0.6534763,0.6690751
79.04999999999765,0.6690751,0.6690751
79.09999999999765,0.6690751,0.64656043
79.14999999999765,0.64656043,0.6782343
79.19999999999764,0.6782343,0.6782343
79.24999999999764,0.6782343,0.5777865
79.29999999999764,0.5777865,0.5777865
79.34999999999764,0.5777865,0.64098525
79.39999999999763,0.64098525,0.5717463
79.44999999999763,0.5717463,0.5717463
79.49999999999763,0.5717463,0.5971622
79.54999999999762,0.5971622,0.5971622
79.59999999999762,0.5971622,0.5984372
79.64999999999762,0.5984372,0.5984372
79.69999999999762,0.5984372,0.60985684
79.74999999999761,0.60985684,0.5771673
79.79999999999761,0.5771673,0.5771673
79.8499999999976,0.5771673,0.54951257
79.8999999999976,0.54951257,0.55341655
79.9499999999976,0.55341655,0.55341655
79.9999999999976,0.55341655,0.54502314
80.0499999999976,0.54502314,0.5637456
80.09999999999759,0.5637456,0.5637456
80.14999999999759,0.5637456,0.52230334
80.19999999999759,0.52230334,0.50830454
80.24999999999758,0.50830454,0.50830454
80.29999999999758,0.50830454,0.5452452
80.34999999999758,0.5452452,0.5096292
80.39999999999758,0.5096292,0.5096292
80.44999999999757,0.5096292,0.5271623
80.49999999999757,0.5271623,0.5271623
80.54999999999757,0.5271623,0.55763006
80.59999999999756,0.55763006,0.48787132
80.64999999999756,0.48787132,0.48787132
80.69999999999756,0.48787132,0.47778556
80.74999999999756,0.47778556,0.51332664
80.79999999999755,0.51332664,0.51332664
80.84999999999755,0.51332664,0.5190422
80.89999999999755,0.5190422,0.49731874
80.94999999999754,0.49731874,0.49731874
80.99999999999754,0.49731874,0.43364972
81.04999999999754,0.43364972,0.43364972
81.09999999999754,0.43364972,0.4677378
81.14999999999753,0.4677378,0.4898386
81.19999999999753,0.4898386,0.4898386
81.24999999999753,0.4898386,0.3917116
81.29999999999752,0.3917116,0.3917116
81.34999999999752,0.3917116,0.4063304
81.39999999999752,0.4063304,0.43791208
81.44999999999752,0.43791208,0.43791208
81.49999999999751,0.43791208,0.36512855
81.54999999999751,0.36512855,0.3599639
81.59999999999751,0.3599639,0.3599639
81.6499999999975,0.3599639,0.38918394
81.6999999999975,0.38918394,0.38918394
81.7499999999975,0.38918394,0.36044943
81.7999999999975,0.36044943,0.36242086
81.8499999999975,0.36242086,0.36242086
81.89999999999749,0.36242086,0.33020172
81.94999999999749,0.33020172,0.35751453
81.99999999999748,0.35751453,0.35751453
82.04999999999748,0.35751453,0.31502932
82.09999999999748,0.31502932,0.28418177
82.14999999999748,0.28418177,0.28418177
82.19999999999747,0.28418177,0.3015212
82.24999999999747,0.3015212,0.30294937
82.29999999999747,0.30294937,0.30294937
82.34999999999746,0.30294937,0.25554356
82.39999999999746,0.25554356,0.25554356
82.44999999999746,0.25554356,0.26277232
82.49999999999746,0.26277232,0.2738087
82.54999999999745,0.2738087,0.2738087
82.59999999999745,0.2738087,0.25606453
82.64999999999745,0.25606453,0.25606453
82.69999999999744,0.25606453,0.17713377
82.74999999999744,0.17713377,0.17713377
82.79999999999744,0.17713377,0.24461587
82.84999999999744,0.24461587,0.25238967
82.89999999999743,0.25238967,0.25238967
82.94999999999743,0.25238967,0.1567479
82.99999999999743,0.1567479,0.1567479
83.04999999999742,0.1567479,0.23722047
83.09999999999742,0.23722047,0.19967927
83.14999999999742,0.19967927,0.19967927
83.19999999999742,0.19967927,0.1717866
83.24999999999741,0.1717866,0.1717866
83.29999999999741,0.1717866,0.1909619
83.34999999999741,0.1909619,0.124664426
83.3999999999974,0.124664426,0.124664426
83.4499999999974,0.124664426,0.17607942
83.4999999999974,0.17607942,0.17607942
83.5499999999974,0.17607942,0.1788908
83.5999999999974,0.1788908,0.16533144
83.64999999999739,0.16533144,0.16533144
83.69999999999739,0.16533144,0.13010462
83.74999999999739,0.13010462,0.13010462
83.79999999999738,0.13010462,0.15988357
83.84999999999738,0.15988357,0.068724945
83.89999999999738,0.068724945,0.068724945
83.94999999999737,0.068724945,0.058434103
83.99999999999737,0.058434103,0.071423724
84.04999999999737,0.071423724,0.071423724
84.09999999999737,0.071423724,0.11912885
84.14999999999736,0.11912885,0.05807496
84.19999999999736,0.05807496,0.05807496
84.24999999999736,0.05807496,0.087791
84.29999999999735,0.087791,0.087791
84.34999999999735,0.087791,0.10787698
84.39999999999735,0.10787698,0.116362825
84.44999999999735,0.116362825,0.116362825
84.49999999999734,0.116362825,0.06712949
84.54999999999734,0.06712949,0.086327665
84.59999999999734,0.086327665,0.086327665
84.64999999999733,0.086327665,0.05905457
84.69999999999733,0.05905457,0.105893016
84.74999999999733,0.105893016,0.105893016
84.79999999999733,0.105893016,0.06543876
84.84999999999732,0.06543876,0.064915985
84.89999999999732,0.064915985,0.064915985
84.94999999999732,0.064915985,0.10842262
84.99999999999731,0.10842262,0.10842262
85.04999999999731,0.10842262,0.069992796
85.09999999999731,0.069992796,0.04101326
85.1499999999973,0.04101326,0.04101326
85.1999999999973,0.04101326,0.07897999
85.2499999999973,0.07897999,0.014393382
85.2999999999973,0.014393382,0.014393382
85.3499999999973,0.014393382,0.064502805
85.39999999999729,0.064502805,0.064502805
85.44999999999729,0.064502805,0.027009673
85.49999999999729,0.027009673,0.0492362
85.54999999999728,0.0492362,0.0492362
85.59999999999728,0.0492362,0.12942949
85.64999999999728,0.12942949,0.10532801
85.69999999999727,0.10532801,0.10532801
85.74999999999727,0.10532801,0.10646786
85.79999999999727,0.10646786,0.10646786
85.84999999999727,0.10646786,0.10655241
85.89999999999726,0.10655241,0.13900925
85.94999999999726,0.13900925,0.13900925
85.99999999999726,0.13900925,0.12679054
86.04999999999725,0.12679054,0.07289663
86.09999999999725,0.07289663,0.07289663
86.14999999999725,0.07289663,0.10227801
86.19999999999725,0.10227801,0.13692181
86.24999999999724,0.13692181,0.13692181
86.29999999999724,0.13692181,0.07172646
86.34999999999724,0.07172646,0.07172646
86.39999999999723,0.07172646,0.15078826
86.44999999999723,0.15078826,0.086085156
86.49999999999723,0.086085156,0.086085156
86.54999999999723,0.086085156,0.052491203
86.59999999999722,0.052491203,0.12170869
86.64999999999722,0.12170869,0.12170869
86.69999999999722,0.12170869,0.107133344
86.74999999999721,0.107133344,0.107133344
86.79999999999721,0.107133344,0.058164418
86.84999999999721,0.058164418,0.054331318
86.8999999999972,0.054331318,0.054331318
86.9499999999972,0.054331318,0.043098547
86.9999999999972,0.043098547,0.02319257
87.0499999999972,0.02319257,0.02319257
87.0999999999972,0.02319257,0.027769012
87.14999999999719,0.027769012,0.062811494
87.19999999999719,0.062811494,0.062811494
87.24999999999719,0.062811494,0.008317141
87.29999999999718,0.008317141,0.008317141
87.34999999999718,0.008317141,0.031704374
87.39999999999718,0.031704374,0.01704844
87.44999999999717,0.01704844,0.01704844
87.49999999999717,0.01704844,-0.002545558
87.54999999999717,-0.002545558,-0.002545558
87.59999999999717,-0.002545558,0.022038084
87.64999999999716,0.022038084,0.02424441
87.69999999999716,0.02424441,0.02424441
87.74999999999716,0.02424441,0.04846328
87.79999999999715,0.04846328,-0.007810984
87.84999999999715,-0.007810984,-0.007810984
87.89999999999715,-0.007810984,0.05249036
87.94999999999715,0.05249036,0.05249036
87.99999999999714,0.05249036,0.0774438
88.04999999999714,0.0774438,-0.0052680336
88.09999999999714,-0.0052680336,-0.0052680336
88.14999999999714,-0.0052680336,0.056917798
88.19999999999713,0.056917798,0.072704874
88.24999999999713,0.072704874,0.072704874
88.29999999999713,0.072704874,0.03307107
88.34999999999712,0.03307107,0.03307107
88.39999999999712,0.03307107,0.082503945
88.44999999999712,0.082503945,0.051982235
88.49999999999712,0.051982235,0.051982235
88.54999999999711,0.051982235,0.07849498
88.59999999999711,0.07849498,0.07849498
88.6499999999971,0.07849498,0.11440189
88.6999999999971,0.11440189,0.03444766
88.7499999999971,0.03444766,0.03444766
88.7999999999971,0.03444766,0.070825875
88.8499999999971,0.070825875,0.09795887
88.89999999999709,0.09795887,0.09795887
88.94999999999709,0.09795887,0.056886442
88.99999999999709,0.056886442,0.056886442
89.04999999999708,0.056886442,0.057287592
89.09999999999708,0.057287592,0.032701608
89.14999999999708,0.032701608,0.032701608
89.19999999999708,0.032701608,0.09536534
89.24999999999707,0.09536534,0.09536534
89.29999999999707,0.09536534,0.090487406
89.34999999999707,0.090487406,0.08033799
89.39999999999706,0.08033799,0.08033799
89.44999999999706,0.08033799,0.030974884
89.49999999999706,0.030974884,0.030974884
89.54999999999706,0.030974884,0.077825494
89.59999999999705,0.077825494,0.023881134
89.64999999999705,0.023881134,0.023881134
89.69999999999705,0.023881134,0.07299035
89.74999999999704,0.07299035,0.07299035
89.79999999999704,0.07299035,0.028269831
89.84999999999704,0.028269831,0.028269831
89.89999999999704,0.028269831,0.033873513
89.94999999999703,0.033873513,0.033873513
89.99999999999703,0.033873513,0.08231307
90.04999999999703,0.08231307,0.09781173
90.09999999999702,0.09781173,0.09781173
90.14999999999702,0.09781173,0.087937176
90.19999999999702,0.087937176,0.087937176
90.24999999999702,0.087937176,0.025365297
90.29999999999701,0.025365297,0.025365297
90.34999999999701,0.025365297,0.110513195
90.39999999999701,0.110513195,0.110513195
90.449999999997,0.110513195,0.025203194
90.499999999997,0.025203194,0.025203194
90.549999999997,0.025203194,0.066401124
90.599999999997,0.066401124,0.066401124
90.649999999997,0.066401124,0.029360332
90.69999999999699,0.029360332,0.09627686
90.74999999999699,0.09627686,0.09627686
90.79999999999698,0.09627686,0.082305364
90.84999999999698,0.082305364,0.06557109
90.89999999999698,0.06557109,0.06557109
90.94999999999698,0.06557109,0.084818356
90.99999999999697,0.084818356,0.08628732
91.04999999999697,0.08628732,0.08628732
91.09999999999697,0.08628732,0.061940365
91.14999999999696,0.061940365,0.061940365
91.19999999999696,0.061940365,0.09962318
91.24999999999696,0.09962318,0.10812306
91.29999999999696,0.10812306,0.10812306
91.34999999999695,0.10812306,0.0316663
91.39999999999695,0.0316663,0.0316663
91.44999999999695,0.0316663,0.11515315
91.49999999999694,0.11515315,0.11515315
91.54999999999694,0.11515315,0.090905875
91.59999999999694,0.090905875,0.09243908
91.64999999999694,0.09243908,0.09243908
91.69999999999693,0.09243908,0.007449344
91.74999999999693,0.007449344,0.007449344
91.79999999999693,0.007449344,0.011562347
91.84999999999692,0.011562347,0.08586486
91.89999999999692,0.08586486,0.08586486
91.94999999999692,0.08586486,0.045521535
91.99999999999692,0.045521535,0.045521535
92.04999999999691,0.045521535,0.065262705
92.09999999999691,0.065262705,0.049031444
92.14999999999691,0.049031444,0.049031444
92.1999999999969,0.049031444,0.03286228
92.2499999999969,0.03286228,0.069147706
92.2999999999969,0.069147706,0.069147706
92.3499999999969,0.069147706,0.026471153
92.3999999999969,0.026471153,0.026471153
92.44999999999689,0.026471153,0.019608581
92.49999999999689,0.019608581,0.023022663
92.54999999999688,0.023022663,0.023022663
92.59999999999688,0.023022663,0.044218
92.64999999999688,0.044218,0.044218
92.69999999999688,0.044218,0.018120728
92.74999999999687,0.018120728,0.051432
92.79999999999687,0.051432,0.051432
92.84999999999687,0.051432,0.008010227
92.89999999999687,0.008010227,0.032907717
92.94999999999686,0.032907717,0.032907717
92.99999999999686,0.032907717,0.022736939
93.04999999999686,0.022736939,0.022736939
93.09999999999685,0.022736939,0.021722373
93.14999999999685,0.021722373,0.021722373
93.19999999999685,0.021722373,0.044560406
93.24999999999685,0.044560406,0.054943446
93.29999999999684,0.054943446,0.054943446
93.34999999999684,0.054943446,0.05723189
93.39999999999684,0.05723189,0.05723189
93.44999999999683,0.05723189,-0.01606442
93.49999999999683,-0.01606442,-0.01606442
93.54999999999683,-0.01606442,0.023436777
93.59999999999683,0.023436777,0.0057780743
93.64999999999682,0.0057780743,0.0057780743
93.69999999999682,0.0057780743,0.03381668
93.74999999999682,0.03381668,0.03381668
93.79999999999681,0.03381668,-0.021832736
93.84999999999681,-0.021832736,0.0061008
93.89999999999681,0.0061008,0.0061008
93.9499999999968,0.0061008,0.2628753
93.9999999999968,0.2628753,0.26678747
94.0499999999968,0.26678747,0.26678747
94.0999999999968,0.26678747,0.53577846
94.1499999999968,0.53577846,0.53577846
94.19999999999679,0.53577846,0.33651632
94.24999999999679,0.33651632,0.33651632
94.29999999999679,0.33651632,-0.23839363
94.34999999999678,-0.23839363,-0.115528464
94.39999999999678,-0.115528464,-0.115528464
94.44999999999678,-0.115528464,-0.074217126
94.49999999999677,-0.074217126,-0.11715138
94.54999999999677,-0.11715138,-0.11715138
94.59999999999677,-0.11715138,-0.10080784
94.64999999999677,-0.10080784,-0.10080784
94.69999999999676,-0.10080784,-0.12280734
94.74999999999676,-0.12280734,-0.15603037
94.79999999999676,-0.15603037,-0.15603037
94.84999999999675,-0.15603037,-0.15595208
94.89999999999675,-0.15595208,-0.13051422
94.94999999999675,-0.13051422,-0.13051422
94.99999999999675,-0.13051422,-0.042489994
95.04999999999674,-0.042489994,-0.046833508
95.09999999999674,-0.046833508,-0.046833508
95.14999999999674,-0.046833508,-0.0039702617
95.19999999999673,-0.0039702617,-0.065831125
95.24999999999673,-0.065831125,-0.065831125
95.29999999999673,-0.065831125,0.0052249804
95.34999999999673,0.0052249804,0.0052249804
95.39999999999672,0.0052249804,-0.05494101
95.44999999999672,-0.05494101,0.03709715
95.49999999999672,0.03709715,0.03709715
95.54999999999671,0.03709715,-0.009854205
95.59999999999671,-0.009854205,-0.009854205
95.64999999999671,-0.009854205,-0.006501198
95.6999999999967,-0.006501198,-0.029472543
95.7499999999967,-0.029472543,-0.029472543
95.7999999999967,-0.029472543,0.030033743
95.8499999999967,0.030033743,-0.02158681
95.8999999999967,-0.02158681,-0.02158681
95.94999999999669,-0.02158681,-0.010502974
95.99999999999669,-0.010502974,-0.010502974
96.04999999999669,-0.010502974,-0.039265834
96.09999999999668,-0.039265834,-0.053378977
96.14999999999668,-0.053378977,-0.053378977
96.19999999999668,-0.053378977,-0.028185967
96.24999999999667,-0.028185967,-0.028101481
96.29999999999667,-0.028101481,-0.028101481
96.34999999999667,-0.028101481,-0.06168469
96.39999999999667,-0.06168469,-0.0088562155
96.44999999999666,-0.0088562155,-0.0088562155
96.49999999999666,-0.0088562155,0.033026412
96.54999999999666,0.033026412,0.062020347
96.59999999999665,0.062020347,0.062020347
96.64999999999665,0.062020347,0.077554695
96.69999999999665,0.077554695,0.077554695
96.74999999999665,0.077554695,0.03231865
96.79999999999664,0.03231865,0.052608393
96.84999999999664,0.052608393,0.052608393
96.89999999999664,0.052608393,0.09225822
96.94999999999663,0.09225822,0.034414116
96.99999999999663,0.034414116,0.034414116
97.04999999999663,0.034414116,0.07671586
97.09999999999663,0.07671586,0.09071651
97.14999999999662,0.09071651,0.09071651
97.19999999999662,0.09071651,0.031275153
97.24999999999662,0.031275153,0.061218783
97.29999999999661,0.061218783,0.061218783
97.34999999999661,0.061218783,0.08808385
97.39999999999661,0.08808385,0.08808385
97.4499999999966,0.08808385,0.14558803
97.4999999999966,0.14558803,0.10426127
97.5499999999966,0.10426127,0.10426127
97.5999999999966,0.10426127,0.13454764
97.6499999999966,0.13454764,0.13454764
97.69999999999659,0.13454764,0.19191794
97.74999999999659,0.19191794,0.14274019
97.79999999999659,0.14274019,0.14274019
97.84999999999658,0.14274019,0.13955474
97.89999999999658,0.13955474,0.13955474
97.94999999999658,0.13955474,0.1323771
97.99999999999658,0.1323771,0.17234252
98.04999999999657,0.17234252,0.17234252
98.09999999999657,0.17234252,0.20662986
98.14999999999657,0.20662986,0.20662986
98.19999999999656,0.20662986,0.185285
98.24999999999656,0.185285,0.185285
98.29999999999656,0.185285,0.20358795
98.34999999999656,0.20358795,0.20358795
98.39999999999655,0.20358795,0.11576417
98.44999999999655,0.11576417,0.16945662
98.49999999999655,0.16945662,0.16945662
98.54999999999654,0.16945662,0.14116965
98.59999999999654,0.14116965,0.14116965
98.64999999999654,0.14116965,0.15772554
98.69999999999654,0.15772554,0.09171722
98.74999999999653,0.09171722,0.09171722
98.79999999999653,0.09171722,0.12937376
98.84999999999653,0.12937376,0.07685659
98.89999999999652,0.07685659,0.07685659
98.94999999999652,0.07685659,0.009274896
98.99999999999652,0.009274896,0.009274896
99.04999999999652,0.009274896,0.09050022
99.09999999999651,0.09050022,0.022513105
99.14999999999651,0.022513105,0.022513105
99.1999999999965,0.022513105,0.06250643
99.2499999999965,0.06250643,0.02633692
99.2999999999965,0.02633692,0.02633692
99.3499999999965,0.02633692,0.07949442
99.3999999999965,0.07949442,0.0010577273
99.44999999999649,0.0010577273,0.0010577273
99.49999999999649,0.0010577273,0.026893862
99.54999999999649,0.026893862,0.026893862
99.59999999999648,0.026893862,0.033355393
99.64999999999648,0.033355393,0.033355393
99.69999999999648,0.033355393,0.014154779
99.74999999999648,0.014154779,0.0647385
99.79999999999647,0.0647385,0.0647385
99.84999999999647,0.0647385,0.03380531
99.89999999999647,0.03380531,-0.009252511
99.94999999999646,-0.009252511,-0.009252511
99.99999999999646,-0.009252511,0.022310404
