{"fmus":{"{OP}":"file:///C:/Dental-Surgery-Simulation/Proof-Of-Concept/src/DigitalTwin.Simulation/FMUs/OptimalPath.fmu","{Haptics}":"file:///C:/Dental-Surgery-Simulation/Proof-Of-Concept/src/DigitalTwin.Simulation/FMUs/Haptics.fmu"},"connections":{"{OP}.OPInstance.string_c":["{Haptics}.HapticsInstance.string_a"]},"parameters":{},"logVariables":{},"parallelSimulation":false,"stabalizationEnabled":false,"global_absolute_tolerance":0.0,"global_relative_tolerance":0.01,"loggingOn":false,"visible":false,"simulationProgramDelay":false,"algorithm":{"type":"fixed-step","size":0.1},"overrideLogLevel":null,"environmentParameters":null,"logLevels":null,"livestream":{},"hasExternalSignals":false,"convergenceAttempts":5,"faultInjectConfigurationPath":"","faultInjectInstances":{}}