{"fmus":{"{OptimalPath}":"file:///C:/Dental-Surgery-Simulation/Proof-Of-Concept/src/DigitalTwin.Simulation/FMUs/OptimalPath.fmu","{Haptics}":"file:///C:/Dental-Surgery-Simulation/Proof-Of-Concept/src/DigitalTwin.Simulation/FMUs/Haptics.fmu","{RabbitMQ}":"file:///C:/Dental-Surgery-Simulation/Proof-Of-Concept/src/DigitalTwin.Simulation/FMUs/RabbitMQ.fmu"},"connections":{"{OptimalPath}.OptimalPathInstance.output_errorscore_to_haptics":["{Haptics}.HapticsInstance.input_errorscore_to_haptics"],"{OptimalPath}.OptimalPathInstance.output_op_pos_x_to_haptics":["{Haptics}.HapticsInstance.input_op_pos_x_to_haptics"],"{OptimalPath}.OptimalPathInstance.output_op_pos_y_to_haptics":["{Haptics}.HapticsInstance.input_op_pos_y_to_haptics"],"{OptimalPath}.OptimalPathInstance.output_op_pos_z_to_haptics":["{Haptics}.HapticsInstance.input_op_pos_z_to_haptics"],"{OptimalPath}.OptimalPathInstance.output_user_pos_x_to_haptics":["{Haptics}.HapticsInstance.input_user_pos_x_to_haptics"],"{OptimalPath}.OptimalPathInstance.output_user_pos_y_to_haptics":["{Haptics}.HapticsInstance.input_user_pos_y_to_haptics"],"{OptimalPath}.OptimalPathInstance.output_user_pos_z_to_haptics":["{Haptics}.HapticsInstance.input_user_pos_z_to_haptics"],"{Haptics}.HapticsInstance.output_hapticfeedback_x_to_middleware":["{RabbitMQ}.RabbitMQInstances.input_hapticfeedback_x_to_middleware"],"{Haptics}.HapticsInstance.output_hapticfeedback_y_to_middleware":["{RabbitMQ}.RabbitMQInstances.input_hapticfeedback_y_to_middleware"],"{Haptics}.HapticsInstance.output_hapticfeedback_z_to_middleware":["{RabbitMQ}.RabbitMQInstances.input_hapticfeedback_z_to_middleware"],"{Haptics}.HapticsInstance.output_op_pos_x_to_middleware":["{RabbitMQ}.RabbitMQInstances.input_op_pos_x_to_middleware"],"{Haptics}.HapticsInstance.output_op_pos_y_to_middleware":["{RabbitMQ}.RabbitMQInstances.input_op_pos_y_to_middleware"],"{Haptics}.HapticsInstance.output_op_pos_z_to_middleware":["{RabbitMQ}.RabbitMQInstances.input_op_pos_z_to_middleware"],"{Haptics}.HapticsInstance.output_user_pos_x_to_middleware":["{RabbitMQ}.RabbitMQInstances.input_user_pos_x_to_middleware"],"{Haptics}.HapticsInstance.output_user_pos_y_to_middleware":["{RabbitMQ}.RabbitMQInstances.input_user_pos_y_to_middleware"],"{Haptics}.HapticsInstance.output_user_pos_z_to_middleware":["{RabbitMQ}.RabbitMQInstances.input_user_pos_z_to_middleware"],"{RabbitMQ}.RabbitMQInstances.output_user_pos_x_to_op":["{OptimalPath}.OptimalPathInstance.input_user_pos_x_to_op"],"{RabbitMQ}.RabbitMQInstances.output_user_pos_y_to_op":["{OptimalPath}.OptimalPathInstance.input_user_pos_y_to_op"],"{RabbitMQ}.RabbitMQInstances.output_user_pos_z_to_op":["{OptimalPath}.OptimalPathInstance.input_user_pos_z_to_op"]},"parameters":{},"logVariables":{},"parallelSimulation":false,"stabalizationEnabled":false,"global_absolute_tolerance":0.0,"global_relative_tolerance":0.01,"loggingOn":false,"visible":false,"simulationProgramDelay":false,"algorithm":{"type":"fixed-step","size":0.5},"overrideLogLevel":null,"environmentParameters":null,"logLevels":null,"livestream":{},"hasExternalSignals":false,"convergenceAttempts":5,"faultInjectConfigurationPath":"","faultInjectInstances":{}}