{"fmus":{"{Rabbit}":"file:///C:/Dental-Surgery-Simulation/Proof-Of-Concept/src/DigitalTwin.Simulation/FMUs/RabbitMQ.fmu","{Tester}":"file:///C:/Dental-Surgery-Simulation/Proof-Of-Concept/src/DigitalTwin.Simulation/FMUs/Tester.fmu"},"connections":{"{Rabbit}.RabbitInstance.output_user_pos_x_to_op":["{Tester}.TesterInstancer.real_a","{Tester}.TesterInstancer.real_b"],"{Tester}.TesterInstancer.real_c":["{Rabbit}.RabbitInstance.input_hapticfeedback_x_to_middleware","{Rabbit}.RabbitInstance.input_hapticfeedback_y_to_middleware","{Rabbit}.RabbitInstance.input_hapticfeedback_z_to_middleware","{Rabbit}.RabbitInstance.input_op_pos_x_to_middleware","{Rabbit}.RabbitInstance.input_op_pos_y_to_middleware","{Rabbit}.RabbitInstance.input_op_pos_z_to_middleware","{Rabbit}.RabbitInstance.input_user_pos_x_to_middleware","{Rabbit}.RabbitInstance.input_user_pos_y_to_middleware","{Rabbit}.RabbitInstance.input_user_pos_z_to_middleware"]},"parameters":{},"liveGraphColumns":1,"liveGraphVisibleRowCount":1,"logVariables":{},"algorithm":{"type":"fixed-step","size":0.01},"parallelSimulation":false,"stabalizationEnabled":false,"global_absolute_tolerance":0,"global_relative_tolerance":0.01,"simulationProgramDelay":false,"convergenceAttempts":5,"livestream":{}}