time,{Haptics}.HapticsInstance.output_hapticfeedback_x_to_middleware,{Haptics}.HapticsInstance.output_hapticfeedback_y_to_middleware,{Haptics}.HapticsInstance.output_hapticfeedback_z_to_middleware,{Haptics}.HapticsInstance.output_user_pos_x_to_middleware,{Haptics}.HapticsInstance.output_user_pos_y_to_middleware,{Haptics}.HapticsInstance.output_user_pos_z_to_middleware,{Haptics}.HapticsInstance.output_op_pos_x_to_middleware,{Haptics}.HapticsInstance.output_op_pos_y_to_middleware,{Haptics}.HapticsInstance.output_op_pos_z_to_middleware,{RabbitMQ}.RabbitMQInstances.output_user_pos_x_to_op,{RabbitMQ}.RabbitMQInstances.output_user_pos_y_to_op,{RabbitMQ}.RabbitMQInstances.output_user_pos_z_to_op,{OptimalPath}.OptimalPathInstance.output_user_pos_x_to_haptics,{OptimalPath}.OptimalPathInstance.output_user_pos_y_to_haptics,{OptimalPath}.OptimalPathInstance.output_user_pos_z_to_haptics,{OptimalPath}.OptimalPathInstance.output_op_pos_x_to_haptics,{OptimalPath}.OptimalPathInstance.output_op_pos_y_to_haptics,{OptimalPath}.OptimalPathInstance.output_op_pos_z_to_haptics,{OptimalPath}.OptimalPathInstance.output_errorscore_to_haptics
0.0,0.0,0.0,0.0,0.0,0.0,0.0,0.0,0.0,0.0,1.3431033,13.103449,-1.7220789,0.0,0.0,0.0,0.0,0.0,0.0,0.0
0.5,0.0,0.0,0.0,0.0,0.0,0.0,0.0,0.0,0.0,1.2615185,13.249128,-1.969436,1.3431033,13.103449,-1.7220789,1.34310329,13.1034489,-1.72207892,4.333333336603573E-8
1.0,-0.0,-0.0,-0.0,1.3431033,13.103449,-1.7220789,1.34310329,13.1034489,-1.72207892,1.3488626,13.382686,-2.1083035,1.2615185,13.249128,-1.969436,1.2790761,13.1689634,-1.82553279,0.027098736666666696
1.5,0.0,-0.0,0.0,1.2615185,13.249128,-1.969436,1.2790761,13.1689634,-1.82553279,1.3488626,13.382686,-2.1083035,1.3488626,13.382686,-2.1083035,1.28679371,13.2744036,-1.94416082,0.002069536666666464
2.0,-0.0,-0.0,0.0,1.3488626,13.382686,-2.1083035,1.28679371,13.2744036,-1.94416082,1.4141995,13.447433,-2.3607786,1.3488626,13.382686,-2.1083035,1.34982085,13.3836441,-2.10734534,9.581699999999435E-4
2.5,0.0,0.0,0.0,1.3488626,13.382686,-2.1083035,1.34982085,13.3836441,-2.10734534,1.4523388,13.448515,-2.573511,1.4141995,13.447433,-2.3607786,1.410186,13.44342,-2.364792,0.004013299999999849
3.0,-0.0,-0.0,-0.0,1.4141995,13.447433,-2.3607786,1.410186,13.44342,-2.364792,1.4523388,13.448515,-2.573511,1.4523388,13.448515,-2.573511,1.4287926,13.4249687,-2.597057,0.023546166666666608
3.5,-0.0,-0.0,-0.0,1.4523388,13.448515,-2.573511,1.4287926,13.4249687,-2.597057,1.3685548,13.295359,-2.9298294,1.4523388,13.448515,-2.573511,1.4033308,13.3301344,-2.89505339,0.16297699666666698
4.0,-7.987176652640007E-4,-0.0019293314651598048,-0.005240401302322219,1.4523388,13.448515,-2.573511,1.4033308,13.3301344,-2.89505339,1.2488775,13.012516,-3.436777,1.3685548,13.295359,-2.9298294,1.29370046,13.0573387,-3.39195418,0.2583331399999995
4.5,-0.00193373566948276,-0.006148853148274157,-0.011938214548920896,1.3685548,13.295359,-2.9298294,1.29370046,13.0573387,-3.39195418,1.2488775,13.012516,-3.436777,1.2488775,13.012516,-3.436777,1.26704466,13.0102739,-3.47182584,0.006374593333333678
5.0,0.0,-0.0,-0.0,1.2488775,13.012516,-3.436777,1.26704466,13.0102739,-3.47182584,1.2860305,13.02926,-3.45284,1.2488775,13.012516,-3.436777,1.09089553,12.78953,-3.87666726,0.27361941000000006
5.5,-0.004322693342203772,-0.006101329775826017,-0.01203625134059466,1.2488775,13.012516,-3.436777,1.09089553,12.78953,-3.87666726,1.108971,12.807605,-3.8585918,1.2860305,13.02926,-3.45284,0.842018366,12.6299648,-4.27419567,0.5548876680000001
6.0,-0.02463768575989636,-0.022156398237159418,-0.045576013232487764,1.2860305,13.02926,-3.45284,0.842018366,12.6299648,-4.27419567,1.108971,12.807605,-3.8585918,1.108971,12.807605,-3.8585918,0.60612905,12.554781,-4.56267548,0.4865832100000003
6.5,-0.024467445015365966,-0.012301991348504026,-0.034259529712301305,1.108971,12.807605,-3.8585918,0.60612905,12.554781,-4.56267548,0.8317357,12.618551,-4.28892,1.108971,12.807605,-3.8585918,0.28304562,12.4933891,-4.884389,0.7219794933333331
7.0,-0.05963011873835406,-0.022685743627927777,-0.07406045427187515,1.108971,12.807605,-3.8585918,0.28304562,12.4933891,-4.884389,0.8317357,12.618551,-4.28892,0.8317357,12.618551,-4.28892,-0.297896266,12.3327141,-5.390226,0.8389249553333332
7.5,-0.09476764466196555,-0.023979570856511815,-0.09239130868583321,0.8317357,12.618551,-4.28892,-0.297896266,12.3327141,-5.390226,0.65360314,12.59804,-4.5252056,0.8317357,12.618551,-4.28892,-0.418171167,12.2761154,-5.489247,0.9308898223333332
8.0,-0.11635255813548431,-0.03187698148446083,-0.11173721877719026,0.8317357,12.618551,-4.28892,-0.418171167,12.2761154,-5.489247,0.24784681,12.45819,-4.9195876,0.65360314,12.59804,-4.5252056,-0.7615429,12.0595818,-5.76264143,1.0636800233333332
8.5,-0.1505262572847274,-0.057274723074002366,-0.13162357725279034,0.65360314,12.59804,-4.5252056,-0.7615429,12.0595818,-5.76264143,0.24784681,12.45819,-4.9195876,0.24784681,12.45819,-4.9195876,-1.0316745,11.852211,-5.9295845,0.9651657366666665
9.0,-0.12349501277468483,-0.058487016793952955,-0.09748144020195496,0.24784681,12.45819,-4.9195876,-1.0316745,11.852211,-5.9295845,-0.2744626,12.354369,-5.374506,0.24784681,12.45819,-4.9195876,-1.2682128,11.6644163,-6.02468634,1.1383106833333334
9.5,-0.1725746850633167,-0.09035610828590294,-0.12579457018802057,0.24784681,12.45819,-4.9195876,-1.2682128,11.6644163,-6.02468634,-0.45871183,12.238056,-5.550726,-0.2744626,12.354369,-5.374506,-1.385726,11.53885,-6.04509354,0.8657899800000001
10.0,-0.09621207168607321,-0.07060681786996202,-0.0580587972844849,-0.2744626,12.354369,-5.374506,-1.385726,11.53885,-6.04509354,-0.45871183,12.238056,-5.550726,-0.45871183,12.238056,-5.550726,-1.466313,11.37105,-6.032278,0.7853863900000002
10.5,-0.07913562454660765,-0.06809347124483402,-0.03782043868772799,-0.45871183,12.238056,-5.550726,-1.466313,11.37105,-6.032278,-0.76003456,12.073256,-5.770925,-0.45871183,12.238056,-5.550726,-1.47298145,11.1066036,-5.911368,0.8354546733333338
11.0,-0.08473762940490248,-0.0945277195234217,-0.03013000443002805,-0.45871183,12.238056,-5.550726,-1.47298145,11.1066036,-5.911368,-1.1038069,11.817022,-6.016147,-0.76003456,12.073256,-5.770925,-1.45552766,11.0430393,-5.86455536,0.6064467200000001
11.5,-0.042177950927763205,-0.062477153860422435,-0.005678182471441902,-0.76003456,12.073256,-5.770925,-1.45552766,11.0430393,-5.86455536,-1.1038069,11.817022,-6.016147,-1.1038069,11.817022,-6.016147,-1.3976357,10.91285,-5.736301,0.3060515999999997
12.0,-0.008992677436607992,-0.027672328727519947,0.008564731605359994,-1.1038069,11.817022,-6.016147,-1.3976357,10.91285,-5.736301,-1.3404957,11.662922,-6.094593,-1.1038069,11.817022,-6.016147,-1.330242,10.7867517,-5.6117425,0.2841002999999998
12.5,-0.006433027984052996,-0.029270010131108973,0.011489143977134995,-1.1038069,11.817022,-6.016147,-1.330242,10.7867517,-5.6117425,-1.5094898,11.499562,-6.1642413,-1.3404957,11.662922,-6.094593,-1.26033175,10.5944338,-5.459893,0.11787475000000065
13.0,9.449305565262552E-4,-0.012594777945295082,0.007481510382500037,-1.3404957,11.662922,-6.094593,-1.26033175,10.5944338,-5.459893,-1.5094898,11.499562,-6.1642413,-1.5094898,11.499562,-6.1642413,-1.22555017,10.4280472,-5.34828,0.009462043333333744
13.5,0.0,-0.0,0.0,-1.5094898,11.499562,-6.1642413,-1.22555017,10.4280472,-5.34828,-1.660792,11.269822,-6.207855,-1.5094898,11.499562,-6.1642413,-1.19348717,10.2062178,-5.24050665,0.01786897333333363
14.0,0.0,-0.0,0.0,-1.5094898,11.499562,-6.1642413,-1.19348717,10.2062178,-5.24050665,-1.5873824,11.057211,-5.999755,-1.660792,11.269822,-6.207855,-1.17130673,9.940869,-5.153058,0.07177642333333327
14.5,0.0,-0.0,0.0,-1.660792,11.269822,-6.207855,-1.17130673,9.940869,-5.153058,-1.5873824,11.057211,-5.999755,-1.5873824,11.057211,-5.999755,-1.16520035,9.879116,-5.13262844,0.03707120333333306
15.0,0.0,-0.0,0.0,-1.5873824,11.057211,-5.999755,-1.16520035,9.879116,-5.13262844,-1.5771693,11.003616,-5.939417,-1.5873824,11.057211,-5.999755,-1.15609586,9.754161,-5.089504,0.01282918000000007
15.5,0.0,-0.0,0.0,-1.5873824,11.057211,-5.999755,-1.15609586,9.754161,-5.089504,-1.4540757,10.882015,-5.7545877,-1.5771693,11.003616,-5.939417,-1.1608429,9.633463,-5.03985262,0.01808740666666579
16.0,0.0,-0.0,0.0,-1.5771693,11.003616,-5.939417,-1.1608429,9.633463,-5.03985262,-1.4540757,10.882015,-5.7545877,-1.4540757,10.882015,-5.7545877,-1.2172811,9.53774452,-5.005464,0.1194507266666669
16.5,0.002828528704074273,-0.016057408567254915,0.00894833703282222,-1.4540757,10.882015,-5.7545877,-1.2172811,9.53774452,-5.005464,-1.387456,10.740581,-5.627641,-1.4540757,10.882015,-5.7545877,-1.27645373,9.49173,-4.99494553,0.15100695333333322
17.0,0.0026822152534764702,-0.020994270211503328,0.011471124971522202,-1.4540757,10.882015,-5.7545877,-1.27645373,9.49173,-4.99494553,-1.3360313,10.5089445,-5.480985,-1.387456,10.740581,-5.627641,-1.35466552,9.413845,-4.96847439,0.21159296999999988
17.5,6.938235050925611E-4,-0.028072801064591993,0.013947502073473159,-1.387456,10.740581,-5.627641,-1.35466552,9.413845,-4.96847439,-1.3360313,10.5089445,-5.480985,-1.3360313,10.5089445,-5.480985,-1.46447289,9.176687,-4.86421347,0.28130918666666666
18.0,-0.0036131799217073465,-0.03747762737555669,0.01735034974634557,-1.3360313,10.5089445,-5.480985,-1.46447289,9.176687,-4.86421347,-1.3045074,10.328791,-5.390737,-1.3360313,10.5089445,-5.480985,-1.47459388,9.113149,-4.82251167,0.29196158333333333
18.5,-0.00404549502475517,-0.040751866418954175,0.019224891600957264,-1.3360313,10.5089445,-5.480985,-1.47459388,9.113149,-4.82251167,-1.3045074,10.328791,-5.390737,-1.3045074,10.328791,-5.390737,-1.45366585,8.961826,-4.68705,0.27081215000000025
19.0,-0.004039392053516749,-0.037019073062475046,0.019056698939705005,-1.3045074,10.328791,-5.390737,-1.45366585,8.961826,-4.68705,-1.1543795,10.226645,-5.183841,-1.3045074,10.328791,-5.390737,-1.3813014,8.799646,-4.47460461,0.2299355366666672
19.5,-0.0017657669602779997,-0.035160477621615116,0.021065139275236636,-1.3045074,10.328791,-5.390737,-1.3813014,8.799646,-4.47460461,-1.2180314,9.871307,-5.181861,-1.1543795,10.226645,-5.183841,-1.29135334,8.635065,-4.237201,0.26063794666666595
20.0,-0.0035700580404648442,-0.04148261431557319,0.024673030583253278,-1.1543795,10.226645,-5.183841,-1.29135334,8.635065,-4.237201,-1.2180314,9.871307,-5.181861,-1.2180314,9.871307,-5.181861,-1.22921753,8.504512,-4.05897856,0.08503289666666684
20.5,-0.0,-0.0,0.0,-1.2180314,9.871307,-5.181861,-1.22921753,8.504512,-4.05897856,-1.1986618,9.832114,-5.159553,-1.2180314,9.871307,-5.181861,-1.164034,8.3826,-3.88632965,0.04639275000000002
21.0,0.0,-0.0,0.0,-1.2180314,9.871307,-5.181861,-1.164034,8.3826,-3.88632965,-1.1339647,9.776292,-5.067373,-1.1986618,9.832114,-5.159553,-1.13291919,8.27948952,-3.74668813,0.024672333333333185
21.5,0.0,-0.0,0.0,-1.1986618,9.832114,-5.159553,-1.13291919,8.27948952,-3.74668813,-1.1339647,9.776292,-5.067373,-1.1339647,9.776292,-5.067373,-1.14504981,8.253734,-3.73531842,0.06719617666666666
22.0,-0.0,-0.0,0.0,-1.1339647,9.776292,-5.067373,-1.14504981,8.253734,-3.73531842,-1.1363013,9.658005,-5.0153112,-1.1339647,9.776292,-5.067373,-1.21864045,8.161178,-3.745023,0.12581325000000035
22.5,-0.001065333130368755,-0.02032027414605006,0.016636915113750043,-1.1339647,9.776292,-5.067373,-1.21864045,8.161178,-3.745023,-1.1750411,9.579985,-4.963224,-1.1363013,9.658005,-5.0153112,-1.32616663,8.036751,-3.77661133,0.1908064866666662
23.0,-0.003622753655710717,-0.0309345779734279,0.023635197022915617,-1.1363013,9.658005,-5.0153112,-1.32616663,8.036751,-3.77661133,-1.1750411,9.579985,-4.963224,-1.1750411,9.579985,-4.963224,-1.46816492,7.884304,-3.80403042,0.27653708000000005
23.5,-0.00810596052612456,-0.04689186723514802,0.03205600077679465,-1.1750411,9.579985,-4.963224,-1.46816492,7.884304,-3.80403042,-1.3053248,9.462858,-5.0238166,-1.1750411,9.579985,-4.963224,-1.53400421,7.776959,-3.79494834,0.3312378166666667
24.0,-0.011890215682027649,-0.05972303956332337,0.038697707888320915,-1.1750411,9.579985,-4.963224,-1.53400421,7.776959,-3.79494834,-1.3464961,9.422014,-4.960305,-1.3053248,9.462858,-5.0238166,-1.57869411,7.675906,-3.750139,0.26221457
24.5,-0.0071681416072846725,-0.04685648502906401,0.033397682420263204,-1.3053248,9.462858,-5.0238166,-1.57869411,7.675906,-3.750139,-1.3464961,9.422014,-4.960305,-1.3464961,9.422014,-4.960305,-1.58659,7.54744,-3.644458,0.2662736333333336
25.0,-0.0063930675094170065,-0.049914962993220076,0.035037536160076696,-1.3464961,9.422014,-4.960305,-1.58659,7.54744,-3.644458,-1.504239,9.136921,-4.9039793,-1.3464961,9.422014,-4.960305,-1.58342123,7.519523,-3.61643958,0.26518357000000004
25.5,-0.006282865179611409,-0.05045093552728702,0.03563710296751494,-1.3464961,9.422014,-4.960305,-1.58342123,7.519523,-3.61643958,-1.4749557,9.093902,-4.816754,-1.504239,9.136921,-4.9039793,-1.589979,7.409521,-3.52596569,0.14504212999999977
26.0,-0.001243591222619997,-0.025054577536199954,0.019987002916338894,-1.504239,9.136921,-4.9039793,-1.589979,7.409521,-3.52596569,-1.4749557,9.093902,-4.816754,-1.4749557,9.093902,-4.816754,-1.59727371,7.264965,-3.435774,0.19009167000000002
26.5,-0.0023251634791976723,-0.034766568865479006,0.026251279443660017,-1.4749557,9.093902,-4.816754,-1.59727371,7.264965,-3.435774,-1.4323609,8.959455,-4.6569557,-1.4749557,9.093902,-4.816754,-1.6081419,7.136708,-3.360174,0.21126673333333365
27.0,-0.002813781339908003,-0.04134899828796007,0.03077268984386672,-1.4749557,9.093902,-4.816754,-1.6081419,7.136708,-3.360174,-1.3985622,8.753619,-4.478612,-1.4323609,8.959455,-4.6569557,-1.64729321,6.97881556,-3.26907873,0.2692315933333333
27.5,-0.005786656828011393,-0.05332507122500411,0.03736603279837389,-1.4323609,8.959455,-4.6569557,-1.64729321,6.97881556,-3.26907873,-1.3985622,8.753619,-4.478612,-1.3985622,8.753619,-4.478612,-1.70998454,6.770302,-3.14992285,0.3220167300000001
28.0,-0.010028320357574822,-0.06386612548934102,0.04278601352694797,-1.3985622,8.753619,-4.478612,-1.70998454,6.770302,-3.14992285,-1.2615092,8.631045,-4.1863937,-1.3985622,8.753619,-4.478612,-1.72678959,6.60170174,-3.03990364,0.34714543000000014
28.5,-0.01139426384393278,-0.07470282425471222,0.049944103227679504,-1.3985622,8.753619,-4.478612,-1.72678959,6.60170174,-3.03990364,-1.2063665,8.490657,-4.012857,-1.2615092,8.631045,-4.1863937,-1.79633272,6.54013634,-3.00915837,0.4828322833333334
29.0,-0.025823006134197073,-0.10095582025492407,0.05684072224045702,-1.2615092,8.631045,-4.1863937,-1.79633272,6.54013634,-3.00915837,-1.2063665,8.490657,-4.012857,-1.2063665,8.490657,-4.012857,-1.85709524,6.50132656,-2.99386072,0.5403543000000001
29.5,-0.03516240727925821,-0.10749432573748925,0.055061902158200435,-1.2063665,8.490657,-4.012857,-1.85709524,6.50132656,-2.99386072,-1.2099775,8.303677,-3.9091768,-1.2063665,8.490657,-4.012857,-1.90009153,6.438752,-2.98987,0.5742143433333332
30.0,-0.039834686255534706,-0.11782332821573835,0.058741380844353694,-1.2063665,8.490657,-4.012857,-1.90009153,6.438752,-2.98987,-1.0951822,8.283833,-3.6861203,-1.2099775,8.303677,-3.9091768,-1.95047069,6.345467,-2.99640274,0.5953097100000003
30.5,-0.044082278619587516,-0.11657414272191008,0.05433832609541228,-1.2099775,8.303677,-3.9091768,-1.95047069,6.345467,-2.99640274,-1.0951822,8.283833,-3.6861203,-1.0951822,8.283833,-3.6861203,-2.03650951,6.182192,-3.015009,0.7906190033333335
31.0,-0.0744231259642648,-0.16615973127844702,0.053059334713173756,-1.0951822,8.283833,-3.6861203,-2.03650951,6.182192,-3.015009,-1.1436629,8.217208,-3.7056885,-1.0951822,8.283833,-3.6861203,-2.06714916,6.10978556,-3.01737428,0.8257561266666665
31.5,-0.0802607672137575,-0.1795232993243982,0.05522211231989491,-1.0951822,8.283833,-3.6861203,-2.06714916,6.10978556,-3.01737428,-1.1938415,8.185977,-3.7202241,-1.1436629,8.217208,-3.7056885,-2.08793688,6.0499115,-3.01376033,0.8065474366666665
32.0,-0.0761601758080031,-0.17480274365716372,0.055807289187095724,-1.1436629,8.217208,-3.7056885,-2.08793688,6.0499115,-3.01376033,-1.1938415,8.185977,-3.7202241,-1.1938415,8.185977,-3.7202241,-2.11424947,5.988626,-3.012059,0.8031979566666663
32.5,-0.07392698008037142,-0.17649078332794554,0.056879676130264546,-1.1938415,8.185977,-3.7202241,-2.11424947,5.988626,-3.012059,-1.2800388,8.082878,-3.7304835,-1.1938415,8.185977,-3.7202241,-2.14189172,5.91981745,-3.01303053,0.8356720666666667
33.0,-0.07922590866511879,-0.1893766234544903,0.05909819121752779,-1.1938415,8.185977,-3.7202241,-2.14189172,5.91981745,-3.01303053,-1.44747,7.904999,-3.7833354,-1.2800388,8.082878,-3.7304835,-2.18509722,5.811688,-3.021407,0.8223906399999995
33.5,-0.07443115732611882,-0.18678053976615983,0.05831378766439598,-1.2800388,8.082878,-3.7304835,-2.18509722,5.811688,-3.021407,-1.44747,7.904999,-3.7833354,-1.44747,7.904999,-3.7833354,-2.20501375,5.7763257,-3.01378846,0.7055567033333333
34.0,-0.05344900708807708,-0.15018997160216876,0.05429590020466546,-1.44747,7.904999,-3.7833354,-2.20501375,5.7763257,-3.01378846,-1.5070996,7.8038635,-3.7680438,-1.44747,7.904999,-3.7833354,-2.22503185,5.743891,-3.00771976,0.7210180700000001
34.5,-0.056063614439262964,-0.15581979192215603,0.05592328918146147,-1.44747,7.904999,-3.7833354,-2.22503185,5.743891,-3.00771976,-1.5686127,7.6667323,-3.7223554,-1.5070996,7.8038635,-3.7680438,-2.24707675,5.6964407,-3.00522923,0.6948617933333332
35.0,-0.0514181849474689,-0.14643675861195546,0.05300507000909956,-1.5070996,7.8038635,-3.7680438,-2.24707675,5.6964407,-3.00522923,-1.5686127,7.6667323,-3.7223554,-1.5686127,7.6667323,-3.7223554,-2.262687,5.665214,-2.99836636,0.6572011866666667
35.5,-0.045614645359483605,-0.13154002018950495,0.0475806456221661,-1.5686127,7.6667323,-3.7223554,-2.262687,5.665214,-2.99836636,-1.5650394,7.5416784,-3.5956495,-1.5686127,7.6667323,-3.7223554,-2.28676939,5.620813,-2.99213624,0.6779522766666667
36.0,-0.048687596298889746,-0.13870356473112727,0.049505374198762116,-1.5686127,7.6667323,-3.7223554,-2.28676939,5.620813,-2.99213624,-1.5650394,7.5416784,-3.5956495,-1.5650394,7.5416784,-3.5956495,-2.32193637,5.54195738,-2.98370934,0.7148926099999998
36.5,-0.05411000503843915,-0.1429585779259662,0.04374714981462176,-1.5650394,7.5416784,-3.5956495,-2.32193637,5.54195738,-2.98370934,-1.5638349,7.500324,-3.5566912,-1.5650394,7.5416784,-3.5956495,-2.343769,5.50081253,-2.98258471,0.7355102266666668
37.0,-0.05727635846080427,-0.1501077718639964,0.045091542265425257,-1.5650394,7.5416784,-3.5956495,-2.343769,5.50081253,-2.98258471,-1.5641099,7.3875575,-3.4495087,-1.5638349,7.500324,-3.5566912,-2.35973358,5.476679,-2.96586633,0.7429062699999999
37.5,-0.059127811965672336,-0.15033785587541498,0.043892750039493486,-1.5638349,7.500324,-3.5566912,-2.35973358,5.476679,-2.96586633,-1.5641099,7.3875575,-3.4495087,-1.5641099,7.3875575,-3.4495087,-2.37333179,5.48578358,-2.93808722,0.7331914433333333
38.0,-0.05933145655060278,-0.13943643652984913,0.037496985307286956,-1.5641099,7.3875575,-3.4495087,-2.37333179,5.48578358,-2.93808722,-1.583368,7.2391825,-3.3813026,-1.5641099,7.3875575,-3.4495087,-2.390938,5.475933,-2.91694,0.7352946333333331
38.5,-0.06079622646191963,-0.14056072357985158,0.039159490699130994,-1.5641099,7.3875575,-3.4495087,-2.390938,5.475933,-2.91694,-1.6421674,7.0591607,-3.352769,-1.583368,7.2391825,-3.3813026,-2.4170754,5.36350441,-2.92656279,0.7515485599999999
39.0,-0.06265715959313438,-0.14096631675630503,0.03417590493801735,-1.583368,7.2391825,-3.3813026,-2.4170754,5.36350441,-2.92656279,-1.6421674,7.0591607,-3.352769,-1.6421674,7.0591607,-3.352769,-2.431731,5.32685,-2.92153668,0.6968806599999998
39.5,-0.05502316026799759,-0.12072138239410611,0.030051746377493103,-1.6421674,7.0591607,-3.352769,-2.431731,5.32685,-2.92153668,-1.6850158,6.896925,-3.2648814,-1.6421674,7.0591607,-3.352769,-2.442578,5.341682,-2.896206,0.6871087666666668
40.0,-0.05499691401929269,-0.11800946713332704,0.031370843983563344,-1.6421674,7.0591607,-3.352769,-2.442578,5.341682,-2.896206,-1.6822182,6.774257,-3.100926,-1.6850158,6.896925,-3.2648814,-2.44676018,5.36948,-2.86294246,0.6290834800000003
40.5,-0.04792008054408427,-0.09608904161086006,0.02528531471227113,-1.6850158,6.896925,-3.2648814,-2.44676018,5.36948,-2.86294246,-1.6822182,6.774257,-3.100926,-1.6822182,6.774257,-3.100926,-2.45099759,5.373333,-2.842025,0.6369341300000002
41.0,-0.04896618319315808,-0.08922963091361207,0.016490288319112995,-1.6822182,6.774257,-3.100926,-2.45099759,5.373333,-2.842025,-1.7677172,6.5283327,-3.0522547,-1.6822182,6.774257,-3.100926,-2.4590044,5.35316849,-2.823567,0.6401719033333336
41.5,-0.049727670013706746,-0.09097409362518315,0.01775574389366299,-1.6822182,6.774257,-3.100926,-2.4590044,5.35316849,-2.823567,-1.7992094,6.4987245,-2.9784484,-1.7677172,6.5283327,-3.0522547,-2.46743822,5.386514,-2.77383423,0.5210397499999999
42.0,-0.036458246533054496,-0.059493292999332495,0.014506813208368267,-1.7677172,6.5283327,-3.0522547,-2.46743822,5.386514,-2.77383423,-1.7992094,6.4987245,-2.9784484,-1.7992094,6.4987245,-2.9784484,-2.467779,5.41581869,-2.74293828,0.5053217633333332
42.5,-0.033784276918306134,-0.05472158734331114,0.011900838912124482,-1.7992094,6.4987245,-2.9784484,-2.467779,5.41581869,-2.74293828,-1.8136698,6.4972134,-2.9072826,-1.7992094,6.4987245,-2.9784484,-2.469328,5.43262768,-2.72096276,0.49290992666666655
43.0,-0.03303081099839692,-0.05254897053657662,0.012691722793011975,-1.7992094,6.4987245,-2.9784484,-2.469328,5.43262768,-2.72096276,-1.8675349,6.417471,-2.9044993,-1.8136698,6.4972134,-2.9072826,-2.47557449,5.42181253,-2.703944,0.5113223199999998
43.5,-0.03384466417096807,-0.05498764677784178,0.010397156469755192,-1.8136698,6.4972134,-2.9072826,-2.47557449,5.42181253,-2.703944,-1.8675349,6.417471,-2.9044993,-1.8675349,6.417471,-2.9044993,-2.48409057,5.415374,-2.68582821,0.4666605266666668
44.0,-0.028772219368151965,-0.04676391137910868,0.010204516602617408,-1.8675349,6.417471,-2.9044993,-2.48409057,5.415374,-2.68582821,-2.005325,6.227304,-2.9899187,-1.8675349,6.417471,-2.9044993,-2.49519348,5.45640659,-2.63383913,0.4393542733333334
44.5,-0.027576447931733195,-0.04222477554820786,0.011891570231062638,-1.8675349,6.417471,-2.9044993,-2.49519348,5.45640659,-2.63383913,-2.0189335,6.1246347,-2.9147692,-2.005325,6.227304,-2.9899187,-2.501785,5.468563,-2.60600567,0.2904293233333335
45.0,-0.014418654186206673,-0.022036063521525696,0.011149960152174976,-2.005325,6.227304,-2.9899187,-2.501785,5.468563,-2.60600567,-2.0189335,6.1246347,-2.9147692,-2.0189335,6.1246347,-2.9147692,-2.511489,5.46021175,-2.58457828,0.27559584333333326
45.5,-0.013574624841097161,-0.018311220323527104,0.00909992450584091,-2.0189335,6.1246347,-2.9147692,-2.511489,5.46021175,-2.58457828,-2.051494,6.053109,-2.9114947,-2.0189335,6.1246347,-2.9147692,-2.52373552,5.43184233,-2.56723833,0.28335450666666634
46.0,-0.014303792734143655,-0.019630584022378043,0.009847443822028734,-2.0189335,6.1246347,-2.9147692,-2.52373552,5.43184233,-2.56723833,-2.086355,5.973505,-2.9136024,-2.051494,6.053109,-2.9114947,-2.536652,5.401552,-2.55863643,0.26128557666666685
46.5,-0.012676478780444683,-0.017024244647620358,0.009219677655855244,-2.051494,6.053109,-2.9114947,-2.536652,5.401552,-2.55863643,-2.086355,5.973505,-2.9136024,-2.086355,5.973505,-2.9136024,-2.55182147,5.394727,-2.537362,0.22266802333333358
47.0,-0.010364449880284442,-0.01288753532088203,0.008377670616614276,-2.086355,5.973505,-2.9136024,-2.55182147,5.394727,-2.537362,-2.1868947,5.8434896,-2.9862835,-2.086355,5.973505,-2.9136024,-2.56296349,5.42728329,-2.47043467,0.19322082333333324
47.5,-0.009209068484545668,-0.010554140852874122,0.00856292336653643,-2.086355,5.973505,-2.9136024,-2.56296349,5.42728329,-2.47043467,-2.2030458,5.7669263,-2.9467022,-2.1868947,5.8434896,-2.9862835,-2.56893659,5.41987228,-2.44571018,0.08836196333333331
48.0,-0.0,-0.0,0.0,-2.1868947,5.8434896,-2.9862835,-2.56893659,5.41987228,-2.44571018,-2.2030458,5.7669263,-2.9467022,-2.2030458,5.7669263,-2.9467022,-2.57992649,5.391326,-2.42961669,0.07846515999999992
48.5,-0.0,-0.0,0.0,-2.2030458,5.7669263,-2.9467022,-2.57992649,5.391326,-2.42961669,-2.293882,5.603641,-2.9947088,-2.2030458,5.7669263,-2.9467022,-2.59539461,5.342485,-2.41998744,0.09669178333333317
49.0,-0.0,-0.0,0.0,-2.2030458,5.7669263,-2.9467022,-2.59539461,5.342485,-2.41998744,-2.2824082,5.6002884,-2.9592154,-2.293882,5.603641,-2.9947088,-2.616258,5.29842663,-2.41024828,0.014376616666666564
49.5,-0.0,-0.0,0.0,-2.293882,5.603641,-2.9947088,-2.616258,5.29842663,-2.41024828,-2.2824082,5.6002884,-2.9592154,-2.2824082,5.6002884,-2.9592154,-2.63891459,5.27777338,-2.37235355,0.03071985333333327
50.0,-0.0,-0.0,0.0,-2.2824082,5.6002884,-2.9592154,-2.63891459,5.27777338,-2.37235355,-2.2947397,5.571619,-2.946621,-2.2824082,5.6002884,-2.9592154,-2.65136743,5.27025127,-2.34735584,0.029045599999999894
50.5,-0.0,-0.0,0.0,-2.2824082,5.6002884,-2.9592154,-2.65136743,5.27025127,-2.34735584,-2.284484,5.5488825,-2.9043121,-2.2947397,5.571619,-2.946621,-2.66936016,5.243877,-2.33111739,0.028952950000000015
51.0,-0.0,-0.0,0.0,-2.2947397,5.571619,-2.946621,-2.66936016,5.243877,-2.33111739,-2.284484,5.5488825,-2.9043121,-2.284484,5.5488825,-2.9043121,-2.69082212,5.201791,-2.32631326,0.05847692666666685
51.5,-0.0,-0.0,0.0,-2.284484,5.5488825,-2.9043121,-2.69082212,5.201791,-2.32631326,-2.298804,5.5167475,-2.9017384,-2.284484,5.5488825,-2.9043121,-2.7139957,5.146621,-2.32428575,0.08391561666666696
52.0,-0.0,-0.0,0.0,-2.284484,5.5488825,-2.9043121,-2.7139957,5.146621,-2.32428575,-2.298804,5.5167475,-2.9017384,-2.298804,5.5167475,-2.9017384,-2.74498963,5.08968258,-2.31403542,0.09518252333333328
52.5,-0.0,-0.0,0.0,-2.298804,5.5167475,-2.9017384,-2.74498963,5.08968258,-2.31403542,-2.378554,5.432287,-2.976176,-2.298804,5.5167475,-2.9017384,-2.788876,5.051804,-2.2855854,0.11295416666666691
53.0,-0.005535567436666679,-0.00525173055895835,0.006959704865416684,-2.298804,5.5167475,-2.9017384,-2.788876,5.051804,-2.2855854,-2.3775377,5.3866,-2.9273238,-2.378554,5.432287,-2.976176,-2.80640841,5.06341076,-2.25176144,0.02410536333333324
53.5,-0.0,-0.0,0.0,-2.378554,5.432287,-2.976176,-2.80640841,5.06341076,-2.25176144,-2.3775377,5.3866,-2.9273238,-2.3775377,5.3866,-2.9273238,-2.82067633,5.09385538,-2.21151352,0.006690989999999915
54.0,-0.0,-0.0,0.0,-2.3775377,5.3866,-2.9273238,-2.82067633,5.09385538,-2.21151352,-2.3492107,5.400352,-2.8836029,-2.3775377,5.3866,-2.9273238,-2.83098745,5.11751175,-2.1795547,0.008410366666666835
54.5,-0.0,-0.0,0.0,-2.3775377,5.3866,-2.9273238,-2.83098745,5.11751175,-2.1795547,-2.4223304,5.328157,-2.935268,-2.3492107,5.400352,-2.8836029,-2.84117413,5.132321,-2.148354,0.008248509999999895
55.0,-0.0,-0.0,0.0,-2.3492107,5.400352,-2.8836029,-2.84117413,5.132321,-2.148354,-2.4223304,5.328157,-2.935268,-2.4223304,5.328157,-2.935268,-2.83317161,5.257974,-2.080042,0.12473392999999995
55.5,-0.005124583872925529,-8.75420140919001E-4,0.010667570001817997,-2.4223304,5.328157,-2.935268,-2.83317161,5.257974,-2.080042,-2.4696898,5.2994094,-2.936252,-2.4223304,5.328157,-2.935268,-2.82024384,5.36329269,-2.04129171,0.17706618000000005
56.0,-0.0070457012791459205,6.221342409964152E-4,0.01582929666808723,-2.4223304,5.328157,-2.935268,-2.82024384,5.36329269,-2.04129171,-2.410333,5.367689,-2.8384776,-2.4696898,5.2994094,-2.936252,-2.80539942,5.46242666,-2.01301241,0.25018241
56.5,-0.008398864179178428,0.0040784050978396645,0.023097830563361198,-2.4696898,5.2994094,-2.936252,-2.80539942,5.46242666,-2.01301241,-2.410333,5.367689,-2.8384776,-2.410333,5.367689,-2.8384776,-2.79015875,5.518841,-2.00219369,0.2025367199999999
57.0,-0.007692866157653991,0.003061383030143993,0.016937820012017515,-2.410333,5.367689,-2.8384776,-2.79015875,5.518841,-2.00219369,-2.4332893,5.2544594,-2.8404088,-2.410333,5.367689,-2.8384776,-2.775175,5.540833,-2.00005078,0.21557627333333343
57.5,-0.007865127871548002,0.003732573827002663,0.018074492931831755,-2.410333,5.367689,-2.8384776,-2.775175,5.540833,-2.00005078,-2.4719296,5.1954412,-2.8587146,-2.4332893,5.2544594,-2.8404088,-2.7565763,5.525591,-2.00666451,0.26052963000000035
58.0,-0.008422584249381002,0.007063781542930819,0.021721509138831308,-2.4332893,5.2544594,-2.8404088,-2.7565763,5.525591,-2.00666451,-2.4719296,5.1954412,-2.8587146,-2.4719296,5.1954412,-2.8587146,-2.72941732,5.52462244,-1.99774277,0.31088845000000004
58.5,-0.008004995816483397,0.010233864547267789,0.026766619772236353,-2.4719296,5.1954412,-2.8587146,-2.72941732,5.52462244,-1.99774277,-2.4896908,5.2144647,-2.8464901,-2.4719296,5.1954412,-2.8587146,-2.717621,5.559919,-1.98887992,0.32954036000000003
59.0,-0.008096523240490391,0.012011014542400786,0.02866456335876848,-2.4719296,5.1954412,-2.8587146,-2.717621,5.559919,-1.98887992,-2.4774446,5.259031,-2.7936711,-2.4896908,5.2144647,-2.8464901,-2.70467734,5.60724354,-1.97762108,0.3488871066666667
59.5,-0.007500603191287761,0.013703547304748966,0.030313719846010223,-2.4896908,5.2144647,-2.8464901,-2.70467734,5.60724354,-1.97762108,-2.4774446,5.259031,-2.7936711,-2.4774446,5.259031,-2.7936711,-2.66666913,5.632774,-1.98342,0.33158985666666685
60.0,-0.006274493478051732,0.012392938780017014,0.026867104611300922,-2.4774446,5.259031,-2.7936711,-2.66666913,5.632774,-1.98342,-2.531356,5.2146654,-2.8255506,-2.4774446,5.259031,-2.7936711,-2.65894556,5.59460449,-1.99899518,0.3162494833333335
60.5,-0.005739958482450395,0.010612494283286351,0.025131584911744147,-2.4774446,5.259031,-2.7936711,-2.65894556,5.59460449,-1.99899518,-2.5140562,5.232419,-2.7935438,-2.531356,5.2146654,-2.8255506,-2.64853382,5.565931,-2.01068354,0.34965161333333344
61.0,-0.004097141380988287,0.012282058374850125,0.028491958218119028,-2.531356,5.2146654,-2.8255506,-2.64853382,5.565931,-2.01068354,-2.5140562,5.232419,-2.7935438,-2.5140562,5.232419,-2.7935438,-2.6461432,5.53597164,-2.0249846,0.31334161333333316
61.5,-0.004138835368035993,0.009511567394919233,0.024082157967017598,-2.5140562,5.232419,-2.7935438,-2.6461432,5.53597164,-2.0249846,-2.5374434,5.2534966,-2.7574716,-2.5140562,5.232419,-2.7935438,-2.64891624,5.484661,-2.044873,0.28868425333333353
62.0,-0.0038931969951903483,0.0072818293429306674,0.021612947089046954,-2.5140562,5.232419,-2.7935438,-2.64891624,5.484661,-2.044873,-2.5001094,5.3353195,-2.7020636,-2.5374434,5.2534966,-2.7574716,-2.66363382,5.368828,-2.0844934,0.22070639333333317
62.5,-0.0027851032471418497,0.0025454377332083905,0.014853059131395861,-2.5374434,5.2534966,-2.7574716,-2.66363382,5.368828,-2.0844934,-2.5001094,5.3353195,-2.7020636,-2.5001094,5.3353195,-2.7020636,-2.70162535,5.149167,-2.15670371,0.05256381333333341
63.0,-0.0,-0.0,0.0,-2.5001094,5.3353195,-2.7020636,-2.70162535,5.149167,-2.15670371,-2.4738984,5.3877935,-2.6600769,-2.5001094,5.3353195,-2.7020636,-2.73427248,5.03289175,-2.19425249,0.009593240000000058
63.5,-0.0,-0.0,0.0,-2.5001094,5.3353195,-2.7020636,-2.73427248,5.03289175,-2.19425249,-2.5403855,5.315755,-2.7012715,-2.4738984,5.3877935,-2.6600769,-2.75817,4.984691,-2.205978,0.07775839999999985
64.0,-0.0,-0.0,0.0,-2.4738984,5.3877935,-2.6600769,-2.75817,4.984691,-2.205978,-2.5403855,5.315755,-2.7012715,-2.5403855,5.315755,-2.7012715,-2.77815533,4.986939,-2.19701862,0.020777650000000463
64.5,-0.0,-0.0,0.0,-2.5403855,5.315755,-2.7012715,-2.77815533,4.986939,-2.19701862,-2.5657773,5.3106523,-2.7165499,-2.5403855,5.315755,-2.7012715,-2.79129219,5.03573132,-2.16290069,0.002480146666666627
65.0,-0.0,-0.0,0.0,-2.5403855,5.315755,-2.7012715,-2.79129219,5.03573132,-2.16290069,-2.530413,5.40025,-2.6233733,-2.5657773,5.3106523,-2.7165499,-2.80882454,5.10052729,-2.12175536,0.04720742999999983
65.5,-0.0,-0.0,0.0,-2.5657773,5.3106523,-2.7165499,-2.80882454,5.10052729,-2.12175536,-2.530413,5.40025,-2.6233733,-2.530413,5.40025,-2.6233733,-2.81987333,5.10247755,-2.10838223,0.02408057000000034
66.0,-0.0,-0.0,0.0,-2.530413,5.40025,-2.6233733,-2.81987333,5.10247755,-2.10838223,-2.4981112,5.4527187,-2.5566094,-2.530413,5.40025,-2.6233733,-2.83129883,5.08520842,-2.09636188,0.029638663333333426
66.5,-0.0,-0.0,0.0,-2.530413,5.40025,-2.6233733,-2.83129883,5.08520842,-2.09636188,-2.5030427,5.4475155,-2.5318902,-2.4981112,5.4527187,-2.5566094,-2.84334922,5.07562876,-2.08605266,0.08392374000000007
67.0,-0.0,-0.0,0.0,-2.4981112,5.4527187,-2.5566094,-2.84334922,5.07562876,-2.08605266,-2.5030427,5.4475155,-2.5318902,-2.5030427,5.4475155,-2.5318902,-2.85384917,5.062461,-2.076978,0.09364959000000006
67.5,-0.0,-0.0,0.0,-2.5030427,5.4475155,-2.5318902,-2.85384917,5.062461,-2.076978,-2.5442798,5.3933063,-2.548806,-2.5030427,5.4475155,-2.5318902,-2.87223,5.050015,-2.062272,0.09902319999999998
68.0,-0.0,-0.0,0.0,-2.5030427,5.4475155,-2.5318902,-2.87223,5.050015,-2.062272,-2.5442798,5.3933063,-2.548806,-2.5442798,5.3933063,-2.548806,-2.901438,5.059045,-2.02710152,0.05657167333333316
68.5,-0.0,-0.0,0.0,-2.5442798,5.3933063,-2.548806,-2.901438,5.059045,-2.02710152,-2.5134838,5.4100723,-2.496,-2.5442798,5.3933063,-2.548806,-2.918351,5.067907,-2.01083517,0.05383322333333348
69.0,-0.0,-0.0,0.0,-2.5442798,5.3933063,-2.548806,-2.918351,5.067907,-2.01083517,-2.6089754,5.3299556,-2.5689476,-2.5134838,5.4100723,-2.496,-2.93668723,5.062804,-1.99204409,0.08883860666666688
69.5,-0.0,-0.0,0.0,-2.5134838,5.4100723,-2.496,-2.93668723,5.062804,-1.99204409,-2.6089754,5.3299556,-2.5689476,-2.6089754,5.3299556,-2.5689476,-2.952284,5.05271149,-1.97673655,0.009447220000000053
70.0,-0.0,-0.0,0.0,-2.6089754,5.3299556,-2.5689476,-2.952284,5.05271149,-1.97673655,-2.6012568,5.3842535,-2.4860535,-2.6089754,5.3299556,-2.5689476,-2.97983122,5.03932858,-1.9655323,0.019355846666666565
70.5,-0.0,-0.0,0.0,-2.6089754,5.3299556,-2.5689476,-2.97983122,5.03932858,-1.9655323,-2.607328,5.376154,-2.4599504,-2.6012568,5.3842535,-2.4860535,-3.01914549,5.019808,-1.94178629,0.07935565999999976
71.0,-0.0,-0.0,0.0,-2.6012568,5.3842535,-2.4860535,-3.01914549,5.019808,-1.94178629,-2.607328,5.376154,-2.4599504,-2.607328,5.376154,-2.4599504,-3.04172921,5.027551,-1.92467308,0.08257563000000023
71.5,-0.0,-0.0,0.0,-2.607328,5.376154,-2.4599504,-3.04172921,5.027551,-1.92467308,-2.575925,5.39098,-2.4037192,-2.607328,5.376154,-2.4599504,-3.0655973,5.0342,-1.90449083,0.08158790999999972
72.0,-0.0,-0.0,0.0,-2.607328,5.376154,-2.4599504,-3.0655973,5.0342,-1.90449083,-2.6200922,5.315264,-2.4259431,-2.575925,5.39098,-2.4037192,-3.090525,5.02486372,-1.89215326,0.12305011333333356
72.5,-0.0063321588321333475,-0.004505064974717848,0.006294824689447331,-2.575925,5.39098,-2.4037192,-3.090525,5.02486372,-1.89215326,-2.6200922,5.315264,-2.4259431,-2.6200922,5.315264,-2.4259431,-3.12092853,5.004046,-1.8881501,0.09142044333333321
73.0,-0.0,-0.0,0.0,-2.6200922,5.315264,-2.4259431,-3.12092853,5.004046,-1.8881501,-2.5869663,5.326373,-2.3631847,-2.6200922,5.315264,-2.4259431,-3.16040087,4.966593,-1.87821984,0.1137521366666668
73.5,-0.006146126567202497,-0.003966207124370342,0.006230469112703227,-2.6200922,5.315264,-2.4259431,-3.16040087,4.966593,-1.87821984,-2.673725,5.2429633,-2.4071639,-2.5869663,5.326373,-2.3631847,-3.22063613,4.92852068,-1.865639,0.1779921500000002
74.0,-0.011278825543183464,-0.007081458981928811,0.008855922886625511,-2.5869663,5.326373,-2.3631847,-3.22063613,4.92852068,-1.865639,-2.673725,5.2429633,-2.4071639,-2.673725,5.2429633,-2.4071639,-3.24925351,4.927901,-1.84634542,0.10992410999999998
74.5,-0.006326445924137608,-0.003463294292205301,0.00616474722855528,-2.673725,5.2429633,-2.4071639,-3.24925351,4.927901,-1.84634542,-2.6967926,5.224826,-2.392781,-2.673725,5.2429633,-2.4071639,-3.279531,4.937096,-1.822365,0.10895813333333344
75.0,-0.006600749092213338,-0.0033326730055706706,0.006371859651938673,-2.673725,5.2429633,-2.4071639,-3.279531,4.937096,-1.822365,-2.7166681,5.196569,-2.3784254,-2.6967926,5.224826,-2.392781,-3.31163359,4.93532848,-1.79993749,0.10383166666666661
75.5,-0.006383996472668328,-0.0030059009997466684,0.006155592971581662,-2.6967926,5.224826,-2.392781,-3.31163359,4.93532848,-1.79993749,-2.7166681,5.196569,-2.3784254,-2.7166681,5.196569,-2.3784254,-3.34883165,4.928902,-1.77617419,0.0991931133333334
76.0,-0.0,-0.0,0.0,-2.7166681,5.196569,-2.3784254,-3.34883165,4.928902,-1.77617419,-2.6804042,5.2122087,-2.3158953,-2.7166681,5.196569,-2.3784254,-3.40648437,4.93726349,-1.743076,0.10459079333333328
76.5,-0.007214843093354081,-0.002712096900660458,0.006645169778985728,-2.7166681,5.196569,-2.3784254,-3.40648437,4.93726349,-1.743076,-2.7121396,5.1484776,-2.3224297,-2.6804042,5.2122087,-2.3158953,-3.438516,4.9263134,-1.72213018,0.1500806599999999
77.0,-0.011377791929778792,-0.004290735531489797,0.008911266109457918,-2.6804042,5.2122087,-2.3158953,-3.438516,4.9263134,-1.72213018,-2.7121396,5.1484776,-2.3224297,-2.7121396,5.1484776,-2.3224297,-3.47342229,4.901113,-1.71045852,0.13222537
77.5,-0.010066088535984528,-0.003270787575990201,0.00809181157048366,-2.7121396,5.1484776,-2.3224297,-3.47342229,4.901113,-1.71045852,-2.7928672,5.041805,-2.361913,-2.7121396,5.1484776,-2.3224297,-3.5090487,4.87799168,-1.70253444,0.1491665866666668
78.0,-0.011887221033060546,-0.0040347461427793045,0.009246766002504592,-2.7121396,5.1484776,-2.3224297,-3.5090487,4.87799168,-1.70253444,-2.7916026,5.0490775,-2.288312,-2.7928672,5.041805,-2.361913,-3.53708458,4.882898,-1.678315,0.07317546000000015
78.5,-0.0,-0.0,0.0,-2.7928672,5.041805,-2.361913,-3.53708458,4.882898,-1.678315,-2.7916026,5.0490775,-2.288312,-2.7916026,5.0490775,-2.288312,-3.58376122,4.899492,-1.64097226,0.09813479333333312
79.0,-0.0,-0.0,0.0,-2.7916026,5.0490775,-2.288312,-3.58376122,4.899492,-1.64097226,-2.8305054,5.039314,-2.2758584,-2.7916026,5.0490775,-2.288312,-3.63056374,4.861648,-1.62168455,0.11992106333333326
79.5,-0.010060911200414547,-0.002247674494003503,0.007994267265118846,-2.7916026,5.0490775,-2.288312,-3.63056374,4.861648,-1.62168455,-2.777778,5.1367536,-2.168615,-2.8305054,5.039314,-2.2758584,-3.6631887,4.83798456,-1.6221813,0.1267785466666668
80.0,-0.010556637860760415,-0.0025524253804413933,0.008287223272728144,-2.8305054,5.039314,-2.2758584,-3.6631887,4.83798456,-1.6221813,-2.777778,5.1367536,-2.168615,-2.777778,5.1367536,-2.168615,-3.69800735,4.81444359,-1.61144388,0.2284560800000001
80.5,-0.021023199000194812,-0.007363368142936079,0.012728912996440966,-2.777778,5.1367536,-2.168615,-3.69800735,4.81444359,-1.61144388,-2.7868009,5.1616983,-2.135368,-2.777778,5.1367536,-2.168615,-3.7271266,4.811758,-1.59616506,0.23396475333333297
81.0,-0.0222114111026345,-0.007603751538841841,0.013393310900778128,-2.777778,5.1367536,-2.168615,-3.7271266,4.811758,-1.59616506,-2.80436,5.169419,-2.0990446,-2.7868009,5.1616983,-2.135368,-3.76650524,4.8099184,-1.57794929,0.2580218433333336
81.5,-0.025278511972846703,-0.009076689824561586,0.014382620306268896,-2.7868009,5.1616983,-2.135368,-3.76650524,4.8099184,-1.57794929,-2.80436,5.169419,-2.0990446,-2.80436,5.169419,-2.0990446,-3.81826043,4.838617,-1.54684389,0.2641672400000003
82.0,-0.02678392782279135,-0.008738705132648017,0.014587333748674054,-2.80436,5.169419,-2.0990446,-3.81826043,4.838617,-1.54684389,-2.853283,5.237863,-2.1001532,-2.80436,5.169419,-2.0990446,-3.844198,4.86870146,-1.52204728,0.2545194066666671
82.5,-0.026465895078945385,-0.007653844985505995,0.014685701553465708,-2.80436,5.169419,-2.0990446,-3.844198,4.86870146,-1.52204728,-2.852563,5.3309736,-2.0736108,-2.853283,5.237863,-2.1001532,-3.87291551,4.89048529,-1.50232518,0.2563940666666667
83.0,-0.026142772574444074,-0.0089065583736254,0.015327955721508133,-2.853283,5.237863,-2.1001532,-3.87291551,4.89048529,-1.50232518,-2.852563,5.3309736,-2.0736108,-2.852563,5.3309736,-2.0736108,-3.89674163,4.89843225,-1.48857737,0.29722885000000016
83.5,-0.031036001338947575,-0.012856376803794763,0.01738888136104556,-2.852563,5.3309736,-2.0736108,-3.89674163,4.89843225,-1.48857737,-2.8042564,5.4635696,-2.0118694,-2.852563,5.3309736,-2.0736108,-3.926042,4.901616,-1.47647583,0.30190054333333344
84.0,-0.03240838933569234,-0.012962329272429615,0.018027537188633376,-2.852563,5.3309736,-2.0736108,-3.926042,4.901616,-1.47647583,-2.7848263,5.5241733,-1.9968613,-2.8042564,5.4635696,-2.0118694,-3.95775962,4.92749,-1.45156729,0.37642690333333334
84.5,-0.043420964508962885,-0.0201794783768172,0.021091278819843275,-2.8042564,5.4635696,-2.0118694,-3.95775962,4.92749,-1.45156729,-2.7848263,5.5241733,-1.9968613,-2.7848263,5.5241733,-1.9968613,-3.99918938,4.961629,-1.41613507,0.3987270499999997
85.0,-0.048419940851731354,-0.02243016292333148,0.023155125654552133,-2.7848263,5.5241733,-1.9968613,-3.99918938,4.961629,-1.41613507,-2.7425356,5.5777216,-1.9516191,-2.7848263,5.5241733,-1.9968613,-4.023165,4.953835,-1.40901232,0.40694267333333317
85.5,-0.05039328610701243,-0.023209499250638876,0.02392208354374731,-2.7848263,5.5241733,-1.9968613,-4.023165,4.953835,-1.40901232,-2.769648,5.5201874,-1.9968611,-2.7425356,5.5777216,-1.9516191,-4.051364,4.933569,-1.40523672,0.46886620666666673
86.0,-0.0613665407085603,-0.03020213860764707,0.025618023390010528,-2.7425356,5.5777216,-1.9516191,-4.051364,4.933569,-1.40523672,-2.769648,5.5201874,-1.9968611,-2.769648,5.5201874,-1.9968611,-4.10793,5.023896,-1.34647512,0.39472914
86.5,-0.05282589029374798,-0.01959006775113962,0.02567262985534572,-2.769648,5.5201874,-1.9968611,-4.10793,5.023896,-1.34647512,-2.6899626,5.5765543,-1.9267915,-2.769648,5.5201874,-1.9968611,-4.136254,5.030247,-1.32186234,0.39384921333333334
87.0,-0.053823669803661336,-0.01929626411202187,0.02658477306269755,-2.769648,5.5201874,-1.9968611,-4.136254,5.030247,-1.32186234,-2.7067118,5.581582,-1.9533399,-2.6899626,5.5765543,-1.9267915,-4.177168,4.99550056,-1.313998,0.48515521333333345
87.5,-0.07215254531074856,-0.028190125118783115,0.02972999612217801,-2.6899626,5.5765543,-1.9267915,-4.177168,4.99550056,-1.313998,-2.7067118,5.581582,-1.9533399,-2.7067118,5.581582,-1.9533399,-4.1994276,4.97255754,-1.30527115,0.4845571699999999
88.0,-0.07233061436622859,-0.0295107168798378,0.031402635946543744,-2.7067118,5.581582,-1.9533399,-4.1994276,4.97255754,-1.30527115,-2.702321,5.6211977,-1.949325,-2.7067118,5.581582,-1.9533399,-4.226935,4.94288063,-1.30610764,0.5038974366666666
88.5,-0.07660365736411974,-0.032183998313848806,0.032613867674197355,-2.7067118,5.581582,-1.9533399,-4.226935,4.94288063,-1.30610764,-2.6951551,5.6197743,-1.981762,-2.702321,5.6211977,-1.949325,-4.259367,4.906503,-1.30099082,0.5411355066666665
89.0,-0.08425728761133065,-0.03867466785964812,0.035083664498361776,-2.702321,5.6211977,-1.949325,-4.259367,4.906503,-1.30099082,-2.6951551,5.6197743,-1.981762,-2.6951551,5.6197743,-1.981762,-4.30641556,4.89047527,-1.27866936,0.5458222833333332
89.5,-0.08794618633219164,-0.039806766178738504,0.03837636301596612,-2.6951551,5.6197743,-1.981762,-4.30641556,4.89047527,-1.27866936,-2.6914766,5.5803123,-1.9967548,-2.6951551,5.6197743,-1.981762,-4.328689,4.912559,-1.25764346,0.5388768866666664
90.0,-0.08802736622964576,-0.03811019790670324,0.0390210744412812,-2.6951551,5.6197743,-1.981762,-4.328689,4.912559,-1.25764346,-2.7023492,5.532223,-2.0277379,-2.6914766,5.5803123,-1.9967548,-4.350472,4.925549,-1.23753381,0.5181792366666664
90.5,-0.0859656970005511,-0.03392847469913475,0.03934125530595108,-2.6914766,5.5803123,-1.9967548,-4.350472,4.925549,-1.23753381,-2.7023492,5.532223,-2.0277379,-2.7023492,5.532223,-2.0277379,-4.370271,4.92756176,-1.22351551,0.4894535500000002
91.0,-0.08163702461323903,-0.029595359046540235,0.03936295037749847,-2.7023492,5.532223,-2.0277379,-4.370271,4.92756176,-1.22351551,-2.6075888,5.59573,-1.9486158,-2.7023492,5.532223,-2.0277379,-4.400103,4.92057467,-1.21370018,0.4984548033333332
91.5,-0.0846253536487419,-0.030487904803931192,0.0405761011628515,-2.7023492,5.532223,-2.0277379,-4.400103,4.92057467,-1.21370018,-2.6075888,5.59573,-1.9486158,-2.6075888,5.59573,-1.9486158,-4.454138,4.961382,-1.1740129,0.5687647666666664
92.0,-0.105025212487652,-0.03607947922054661,0.04405668376778232,-2.6075888,5.59573,-1.9486158,-4.454138,4.961382,-1.1740129,-2.6973479,5.454897,-2.060163,-2.6075888,5.59573,-1.9486158,-4.506215,4.982848,-1.1508044,0.5712322666666668
92.5,-0.10845565477787206,-0.03500979740592001,0.04557356143945068,-2.6075888,5.59573,-1.9486158,-4.506215,4.982848,-1.1508044,-2.6352084,5.4136057,-2.0251963,-2.6973479,5.454897,-2.060163,-5.608124,4.898283,-0.8789096,0.7620455666666667
93.0,-0.22181440225642904,-0.04241652310445998,0.09001689165799269,-2.6973479,5.454897,-2.060163,-5.608124,4.898283,-0.8789096,-2.6352084,5.4136057,-2.0251963,-2.6352084,5.4136057,-2.0251963,-5.90967274,4.68092775,-0.653948843,0.8786316109999998
93.5,-0.2877047878216252,-0.06437540075526767,0.1204821362223563,-2.6352084,5.4136057,-2.0251963,-5.90967274,4.68092775,-0.653948843,-2.6745064,5.192665,-2.0969956,-2.6352084,5.4136057,-2.0251963,-5.91558266,4.66726,-0.640169263,0.8805643076666666
94.0,-0.28885804891444544,-0.06572053846004937,0.12196053739355199,-2.6352084,5.4136057,-2.0251963,-5.91558266,4.66726,-0.640169263,-2.7359583,5.044856,-2.1677172,-2.6745064,5.192665,-2.0969956,-5.931387,4.613146,-0.5745662,0.7713234
94.5,-0.25121082177860404,-0.04469965654445996,0.11742854210679601,-2.6745064,5.192665,-2.0969956,-5.931387,4.613146,-0.5745662,-2.7359583,5.044856,-2.1677172,-2.7359583,5.044856,-2.1677172,-5.820164,4.67737961,-0.414034337,0.5659997423333337
95.0,-0.17456596315029993,-0.02079915420535838,0.0992584048592383,-2.7359583,5.044856,-2.1677172,-5.820164,4.67737961,-0.414034337,-2.7477934,5.0062423,-2.1700954,-2.7359583,5.044856,-2.1677172,-5.80656767,4.68355131,-0.408112645,0.5574365016666664
95.5,-0.17116697451976862,-0.02014044224293593,0.09808678074559311,-2.7359583,5.044856,-2.1677172,-5.80656767,4.68355131,-0.408112645,-2.763432,5.006993,-2.164657,-2.7477934,5.0062423,-2.1700954,-5.72341251,4.71412945,-0.383184761,0.49360710700000016
96.0,-0.14687867404210153,-0.014418897880602527,0.08820317909843119,-2.7477934,5.0062423,-2.1700954,-5.72341251,4.71412945,-0.383184761,-2.763432,5.006993,-2.164657,-2.763432,5.006993,-2.164657,-5.651495,4.710322,-0.388745517,0.4696075056666666
96.5,-0.135625606163819,-0.01393189283136356,0.08339813618164207,-2.763432,5.006993,-2.164657,-5.651495,4.710322,-0.388745517,-2.821192,5.0058312,-2.1928005,-2.763432,5.006993,-2.164657,-5.626047,4.714152,-0.4395487,0.47678256666666635
97.0,-0.13648449270784993,-0.013962148360523289,0.08225015630519696,-2.763432,5.006993,-2.164657,-5.626047,4.714152,-0.4395487,-2.834703,5.074649,-2.1476338,-2.821192,5.0058312,-2.1928005,-5.627836,4.772243,-0.5336005,0.46034406666666694
97.5,-0.1292021912645601,-0.010753094191334705,0.07638028754133339,-2.821192,5.0058312,-2.1928005,-5.627836,4.772243,-0.5336005,-2.834703,5.074649,-2.1476338,-2.834703,5.074649,-2.1476338,-5.590274,4.891961,-0.63834554,0.47632357999999986
98.0,-0.13125434436641795,-0.008701860218303985,0.07189095872551705,-2.834703,5.074649,-2.1476338,-5.590274,4.891961,-0.63834554,-2.8074775,5.1148734,-2.0959864,-2.834703,5.074649,-2.1476338,-5.491859,5.040445,-0.727028966,0.4235850553333332
98.5,-0.11255315712892981,-0.0014488303232621288,0.06017469772166906,-2.834703,5.074649,-2.1476338,-5.491859,5.040445,-0.727028966,-2.796931,5.1195765,-2.061994,-2.8074775,5.1148734,-2.0959864,-5.31592369,5.216356,-0.800201356,0.3703928486666664
99.0,-0.09291105300411459,0.003758842930410008,0.047994951370682166,-2.8074775,5.1148734,-2.0959864,-5.31592369,5.216356,-0.800201356,-2.796931,5.1195765,-2.061994,-2.796931,5.1195765,-2.061994,-4.898671,5.60030746,-1.05666447,0.2052265033333336
99.5,-0.04313327511158006,0.009865873396487663,0.020632026413964367,-2.796931,5.1195765,-2.061994,-4.898671,5.60030746,-1.05666447,-2.8614833,5.0574946,-2.1041868,-2.796931,5.1195765,-2.061994,-4.4572134,5.639599,-1.09461641,0.057627436666666775
