{"fmus":{"{output}":"file:///C:/Dental-Surgery-Simulation/Proof-Of-Concept/src/DigitalTwin.Simulation/FMUs/RabbitMQ.fmu","{Input}":"file:///C:/Dental-Surgery-Simulation/Proof-Of-Concept/src/DigitalTwin.Simulation/FMUs/RabbitMQInput.fmu"},"connections":{"{output}.outputInstance.output_op_pos_x":["{Input}.InputInstance.input_up_pos_x"],"{output}.outputInstance.output_op_pos_y":["{Input}.InputInstance.input_up_pos_y"],"{output}.outputInstance.output_op_pos_z":["{Input}.InputInstance.input_up_pos_z"]},"parameters":{},"liveGraphColumns":1,"liveGraphVisibleRowCount":1,"logVariables":{},"algorithm":{"type":"fixed-step","size":0.1},"parallelSimulation":false,"stabalizationEnabled":false,"global_absolute_tolerance":0,"global_relative_tolerance":0.01,"simulationProgramDelay":false,"convergenceAttempts":5,"livestream":{}}